URL,Label,Entity
http://vocab.getty.edu/aat/300022022##quaPlace,Coptic (Orthodox Christianity),place
http://vocab.getty.edu/aat/300021271##quaPerson,Louis XVI,person
http://vocab.getty.edu/aat/300021085##quaPerson,Louis XV,person
http://vocab.getty.edu/aat/300022022##quaGroup,Coptic (Orthodox Christianity),group
http://vocab.getty.edu/aat/300022022##quaPerson,Coptic (Orthodox Christianity),person
http://vocab.getty.edu/tgn/1100764##quaGroup,British Museum,group
http://vocab.getty.edu/tgn/7013269##quaGroup,Alexandria,group
http://vocab.getty.edu/tgn/7001188##quaPlace,Al Iskandarīyah,place
http://vocab.getty.edu/tgn/2002197##quaGroup,Alexandria,group
http://vocab.getty.edu/tgn/1001079##quaPlace,Al Iskandarīyah,place
http://vocab.getty.edu/tgn/2002197##quaPlace,Alexandria,place
http://vocab.getty.edu/tgn/7001188##quaGroup,Al Iskandarīyah,group
http://vocab.getty.edu/tgn/7016143##quaGroup,Carthage,group
http://vocab.getty.edu/tgn/7013269##quaPlace,Alexandria,place
http://vocab.getty.edu/tgn/7012346##quaPlace,Strasbourg,place
http://vocab.getty.edu/tgn/7014406##quaGroup,Philadelphia,group
http://vocab.getty.edu/tgn/7030288##quaType,Huitième Arrondissement,type
http://vocab.getty.edu/tgn/7017283##quaGroup,Glasgow,group
http://vocab.getty.edu/tgn/7008038##quaGroup,Paris,group
http://vocab.getty.edu/tgn/7008038##quaPlace,Paris,place
http://vocab.getty.edu/tgn/7012346##quaGroup,Strasbourg,group
http://vocab.getty.edu/tgn/1001079##quaGroup,Al Iskandarīyah,group
http://vocab.getty.edu/tgn/7008038##quaType,Paris,type
http://vocab.getty.edu/tgn/7013269##quaPerson,Alexandria,person
http://vocab.getty.edu/tgn/2002197##quaPerson,Alexandria,person
http://vocab.getty.edu/tgn/1001079##quaPerson,Al Iskandarīyah,person
http://vocab.getty.edu/tgn/7001188##quaPerson,Al Iskandarīyah,person
http://vocab.getty.edu/ulan/500267593##quaGroup,Art Gallery of New South Wales,group
http://vocab.getty.edu/ulan/500309817##quaGroup,National Gallery of Canada,group
http://vocab.getty.edu/ulan/500445861##quaGroup,Addison Gallery of American Art,group
http://vocab.getty.edu/ulan/500098282##quaGroup,"Fenner, Sears & Co.",group
http://vocab.getty.edu/ulan/500277801##quaGroup,Bernard Jacobson Gallery,group
http://vocab.getty.edu/ulan/500125180##quaGroup,British Museum,group
http://vocab.getty.edu/ulan/500047609##quaPerson,"Wizani, Friedrich",person
http://vocab.getty.edu/ulan/500023578##quaPerson,Raphael,person
http://vocab.getty.edu/ulan/500119249##quaPerson,"Leslie, George Dunlop",person
http://vocab.getty.edu/ulan/500006208##quaPerson,Correggio,person
http://vocab.getty.edu/ulan/500017511##quaPerson,"Borch, Gerard ter, the younger",person
http://vocab.getty.edu/ulan/500356130##quaPerson,"Yiadom-Boakye, Lynette",person
http://vocab.getty.edu/ulan/500031075##quaPerson,Titian,person
http://vocab.getty.edu/ulan/500011328##quaPerson,"Rosa, Salvator",person
http://vocab.getty.edu/ulan/500025407##quaPerson,"Brunias, Agostino",person
http://vocab.getty.edu/ulan/500015257##quaPerson,"Moran, Thomas",person
http://vocab.getty.edu/ulan/500317837##quaPerson,"Foscari, Francesco, Doge of Venice",person
http://vocab.getty.edu/ulan/500005591##quaPerson,"Mieris, Frans van, I",person
http://vocab.getty.edu/ulan/500354574##quaPerson,"Facius, Georg Sigmund",person
http://vocab.getty.edu/ulan/500018075##quaPerson,"Worthington, William Henry",person
http://vocab.getty.edu/ulan/500005218##quaPerson,"Simpson, William",person
http://vocab.getty.edu/ulan/500000119##quaPerson,"Greuze, Jean-Baptiste",person
http://vocab.getty.edu/ulan/500166710##quaPerson,"Robertson, Eric",person
http://vocab.getty.edu/ulan/500025133##quaPerson,"Meulen, Adam Frans van der",person
http://vocab.getty.edu/ulan/500022428##quaPerson,"Victoria, Queen of Great Britain",person
http://vocab.getty.edu/ulan/500031062##quaPerson,"Affleck, Andrew F.",person
http://vocab.getty.edu/ulan/500115559##quaPerson,"Coplans, John",person
http://vocab.getty.edu/ulan/500117086##quaPerson,"Quellinus, Erasmus, II",person
http://vocab.getty.edu/ulan/500091155##quaPerson,"Dater, Judy",person
http://vocab.getty.edu/ulan/500008896##quaPerson,"Armitage, Kenneth",person
http://vocab.getty.edu/ulan/500115299##quaPerson,"Castiglione, Giovanni Benedetto",person
http://vocab.getty.edu/ulan/500109817##quaPerson,"Gautier, Lucien Marcelin",person
http://vocab.getty.edu/ulan/500029666##quaPerson,"Barker, Thomas",person
http://vocab.getty.edu/ulan/500041813##quaPerson,"Jacobé, Johann",person
http://vocab.getty.edu/ulan/500356813##quaPerson,"Henry VII, King of England",person
http://vocab.getty.edu/ulan/500249124##quaPerson,"Caroline, Queen consort of George II",person
http://vocab.getty.edu/ulan/500124758##quaPerson,"Chinnery, George",person
http://vocab.getty.edu/ulan/500000438##quaPerson,"Cozens, John Robert",person
http://vocab.getty.edu/ulan/500228189##quaPerson,"Schiller, Friedrich",person
http://vocab.getty.edu/ulan/500016377##quaPerson,"Wijnants, Jan",person
http://vocab.getty.edu/ulan/500012697##quaPerson,"Delamotte, William",person
http://vocab.getty.edu/ulan/500373204##quaPerson,"Mary I, Queen of England",person
http://vocab.getty.edu/ulan/500014459##quaPerson,"Herkomer, Hubert von",person
http://vocab.getty.edu/ulan/500026593##quaPerson,"Law, David",person
http://vocab.getty.edu/ulan/500014785##quaPerson,"Beechey, William",person
http://vocab.getty.edu/ulan/500001443##quaPerson,"Teniers, David, II",person
http://vocab.getty.edu/ulan/500000875##quaPerson,"Boydell, John",person
http://vocab.getty.edu/ulan/500012192##quaPerson,"Luti, Benedetto",person
http://vocab.getty.edu/ulan/500005860##quaPerson,"Albani, Francesco",person
http://vocab.getty.edu/ulan/500115235##quaPerson,"Fuseli, Henry",person
http://vocab.getty.edu/ulan/500353655##quaPerson,"George II, King of Great Britain",person
http://vocab.getty.edu/ulan/500000862##quaPerson,"Wallis, Henry",person
http://vocab.getty.edu/ulan/500490811##quaPerson,"Muhly, Nico",person
http://vocab.getty.edu/ulan/500124362##quaPerson,"Woollett, William",person
http://vocab.getty.edu/ulan/500013977##quaPerson,"Beatrizet, Nicolas",person
http://vocab.getty.edu/ulan/500349125##quaPerson,"Gersht, Ori",person
http://vocab.getty.edu/ulan/500006212##quaPerson,"Spencer, Stanley",person
http://vocab.getty.edu/ulan/500014768##quaPerson,"Elstrack, Renold",person
http://vocab.getty.edu/ulan/500353640##quaPerson,"William IV, Prince of Orange",person
http://vocab.getty.edu/ulan/500115055##quaPerson,"Kauffmann, Angelica",person
http://vocab.getty.edu/ulan/500000318##quaPerson,"Craig, Edward Gordon",person
http://vocab.getty.edu/ulan/500024241##quaPerson,"Hardy, Heywood",person
http://vocab.getty.edu/ulan/500021925##quaPerson,Guercino,person
http://vocab.getty.edu/ulan/500010522##quaPerson,"Sandby, Paul",person
http://vocab.getty.edu/ulan/500028638##quaPerson,"Werff, Adriaen van der",person
http://vocab.getty.edu/ulan/500012135##quaPerson,"White, Robert",person
http://vocab.getty.edu/ulan/500016763##quaPerson,"Duplessis, Joseph-Siffred",person
http://vocab.getty.edu/ulan/500115453##quaPerson,"Gérard, François, Baron",person
http://vocab.getty.edu/ulan/500001987##quaPerson,"Singleton, Henry",person
http://vocab.getty.edu/ulan/500009780##quaPerson,"Lips, Johann Heinrich",person
http://vocab.getty.edu/ulan/500019411##quaPerson,"Loutherbourg, Philippe Jacques de",person
http://vocab.getty.edu/ulan/500021340##quaPerson,"Highmore, Joseph",person
http://vocab.getty.edu/ulan/500009526##quaPerson,"Le Clerc, Sébastien, the younger",person
http://vocab.getty.edu/ulan/500115269##quaPerson,Canaletto,person
http://vocab.getty.edu/ulan/500009619##quaPerson,"Carracci, Lodovico",person
http://vocab.getty.edu/ulan/500025331##quaPerson,"Vaillant, Wallerant",person
http://vocab.getty.edu/ulan/500003293##quaPerson,"Schedoni, Bartolomeo",person
http://vocab.getty.edu/ulan/500121569##quaPerson,"Monnoyer, Jean-Baptiste",person
http://vocab.getty.edu/ulan/500027794##quaPerson,"Hals, Frans",person
http://vocab.getty.edu/ulan/500004164##quaPerson,Gravelot,person
http://vocab.getty.edu/ulan/500010390##quaPerson,"Mackie, Charles H.",person
http://vocab.getty.edu/ulan/500559505##quaPerson,"Colson, Jean François Gille",person
http://vocab.getty.edu/ulan/500040634##quaPerson,"Doo, George Thomas",person
http://vocab.getty.edu/ulan/500009729##quaPerson,"Copley, John",person
http://vocab.getty.edu/ulan/500019359##quaPerson,"Yeats, William Butler",person
http://vocab.getty.edu/ulan/500122388##quaPerson,"Napoleon I, Emperor of the French",person
http://vocab.getty.edu/ulan/500015496##quaPerson,"Pocock, Nicholas",person
http://vocab.getty.edu/ulan/500053579##quaPerson,"Gaugain, Thomas",person
http://vocab.getty.edu/ulan/500115495##quaPerson,"Du Quesnoy, François",person
http://vocab.getty.edu/ulan/500003329##quaPerson,"Liotard, Jean-Étienne",person
http://vocab.getty.edu/ulan/500001141##quaPerson,"Sickert, Walter Richard",person
http://vocab.getty.edu/ulan/500024594##quaPerson,"Hunt, William Henry",person
http://vocab.getty.edu/ulan/500198877##quaPerson,"Farrell, Fred A.",person
http://vocab.getty.edu/ulan/500016005##quaPerson,"Allston, Washington",person
http://vocab.getty.edu/ulan/500000315##quaPerson,"Brown, John George",person
http://vocab.getty.edu/ulan/500001473##quaPerson,"Hudson, Thomas",person
http://vocab.getty.edu/ulan/500092643##quaPerson,"Parker, Cornelia",person
http://vocab.getty.edu/ulan/500003564##quaPerson,"Northcote, James",person
http://vocab.getty.edu/ulan/500017997##quaPerson,"Himely, Sigismond",person
http://vocab.getty.edu/ulan/500490605##quaPerson,"Freedley, Durr",person
http://vocab.getty.edu/ulan/500008521##quaPerson,"Ribera, Jusepe de",person
http://vocab.getty.edu/ulan/500020808##quaPerson,"Robertson, Alexander",person
http://vocab.getty.edu/ulan/500004496##quaPerson,"Herkomer, Herman Gustave",person
http://vocab.getty.edu/ulan/500028182##quaPerson,Lamqua,person
http://vocab.getty.edu/ulan/500013237##quaPerson,"Ashfield, Edmund",person
http://vocab.getty.edu/ulan/500115280##quaPerson,"Cosway, Richard",person
http://vocab.getty.edu/ulan/500191072##quaPerson,"Ligon, Glenn",person
http://vocab.getty.edu/ulan/500044391##quaPerson,"Watson, Thomas",person
http://vocab.getty.edu/ulan/500022390##quaPerson,"Burr, John",person
http://vocab.getty.edu/ulan/500011080##quaPerson,"Grozer, Joseph",person
http://vocab.getty.edu/ulan/500026391##quaPerson,"Mellan, Claude",person
http://vocab.getty.edu/ulan/500000918##quaPerson,"Dujardin, Karel",person
http://vocab.getty.edu/ulan/500118440##quaPerson,"Iturbide, Graciela",person
http://vocab.getty.edu/ulan/500040894##quaPerson,"Motte, Charles Etienne Pierre",person
http://vocab.getty.edu/ulan/500008734##quaPerson,"Cantarini, Simone",person
http://vocab.getty.edu/ulan/500019659##quaPerson,"Hunt, Charles, Sr.",person
http://vocab.getty.edu/ulan/500016455##quaPerson,"Le Bas, Jacques Philippe",person
http://vocab.getty.edu/ulan/500047446##quaPerson,"Toussaint, Henri",person
http://vocab.getty.edu/ulan/500007033##quaPerson,"Houbraken, Jacobus",person
http://vocab.getty.edu/ulan/500010173##quaPerson,"Dodd, Francis",person
http://vocab.getty.edu/ulan/500005036##quaPerson,"Poussin, Nicolas",person
http://vocab.getty.edu/ulan/500003126##quaPerson,"Bassano, Jacopo",person
http://vocab.getty.edu/ulan/500024243##quaPerson,"Vernet, Horace",person
http://vocab.getty.edu/ulan/500021184##quaPerson,"Haydon, Benjamin Robert",person
http://vocab.getty.edu/ulan/500118604##quaPerson,"Gibbs, James",person
http://vocab.getty.edu/ulan/500029910##quaPerson,"Hoyland, John",person
http://vocab.getty.edu/ulan/500021654##quaPerson,"Ostade, Adriaen van",person
http://vocab.getty.edu/ulan/500044566##quaPerson,"Alix, Pierre-Michel",person
http://vocab.getty.edu/ulan/500094830##quaPerson,"Haseltine, Herbert",person
http://vocab.getty.edu/ulan/500044905##quaPerson,"Gunst, Pieter Stevens van",person
http://vocab.getty.edu/ulan/500294268##quaPerson,"Elisofon, Eliot",person
http://vocab.getty.edu/ulan/500032318##quaPerson,"Bartolozzi, Francesco",person
http://vocab.getty.edu/ulan/500122930##quaPerson,"McMillian, Rodney",person
http://vocab.getty.edu/ulan/500449460##quaPerson,"Yale, Elihu",person
http://vocab.getty.edu/ulan/500023972##quaPerson,"Sargent, John Singer",person
http://vocab.getty.edu/ulan/500124892##quaPerson,"Gray, George",person
http://vocab.getty.edu/ulan/500102559##quaPerson,"Sabatier, Léon Jean-Baptiste",person
http://vocab.getty.edu/ulan/500028756##quaPerson,"Stothard, Thomas",person
http://vocab.getty.edu/ulan/500002159##quaPerson,"Hearne, Thomas",person
http://vocab.getty.edu/ulan/500115562##quaPerson,"Géricault, Théodore",person
http://vocab.getty.edu/ulan/500022616##quaPerson,"Bowles, Carington",person
http://vocab.getty.edu/ulan/500110703##quaPerson,"Audouin, Pierre",person
http://vocab.getty.edu/ulan/500003052##quaPerson,"Havell, William",person
http://vocab.getty.edu/ulan/500037045##quaPerson,"Nixon, Nicholas",person
http://vocab.getty.edu/ulan/500015707##quaPerson,"Sayer, Robert",person
http://vocab.getty.edu/ulan/500033577##quaPerson,"Blondel, Georges Francois",person
http://vocab.getty.edu/ulan/500012688##quaPerson,"Zuccarelli, Francesco",person
http://vocab.getty.edu/ulan/500022097##quaPerson,"Oliver, Isaac, I",person
http://vocab.getty.edu/ulan/500010491##quaPerson,"Metsu, Gabriel",person
http://vocab.getty.edu/ulan/500083565##quaPerson,"Sparks, Nathaniel",person
http://vocab.getty.edu/ulan/500122420##quaPerson,"Brown, Cecily",person
http://vocab.getty.edu/ulan/500032138##quaPerson,"Clennell, Luke",person
http://vocab.getty.edu/ulan/500030583##quaPerson,"Hayward, George",person
http://vocab.getty.edu/ulan/500018007##quaPerson,"Pether, William",person
http://vocab.getty.edu/ulan/500023802##quaPerson,"Forge, Andrew Murray",person
http://vocab.getty.edu/ulan/500005248##quaPerson,"Ogilby, John",person
http://vocab.getty.edu/ulan/500018959##quaPerson,"Underwood, Leon",person
http://vocab.getty.edu/ulan/500012394##quaPerson,"Brouwer, Adriaen",person
http://vocab.getty.edu/ulan/500021991##quaPerson,"Green, Valentine",person
http://vocab.getty.edu/ulan/500018296##quaPerson,"Panini, Giovanni Paolo",person
http://vocab.getty.edu/ulan/500032394##quaPerson,"Heseltine, John Postle",person
http://vocab.getty.edu/ulan/500006385##quaPerson,"Salisbury, Frank O.",person
http://vocab.getty.edu/ulan/500014315##quaPerson,"Dixon, John",person
http://vocab.getty.edu/ulan/500115513##quaPerson,"Dou, Gerrit",person
http://vocab.getty.edu/ulan/500025314##quaPerson,"Sarto, Andrea del",person
http://vocab.getty.edu/ulan/500004346##quaPerson,"Verkolje, Nicolaas",person
http://vocab.getty.edu/ulan/500030334##quaPerson,"Reni, Guido",person
http://vocab.getty.edu/ulan/500010689##quaPerson,"Hayter, Stanley William",person
http://vocab.getty.edu/ulan/500018994##quaPerson,"Parsons, Francis",person
http://vocab.getty.edu/ulan/500015831##quaPerson,"Blakey, Nicholas",person
http://vocab.getty.edu/ulan/500032557##quaPerson,"Kelly, Richard Barrett Talbot",person
http://vocab.getty.edu/ulan/500254152##quaPerson,"Fountaine, Andrew",person
http://vocab.getty.edu/ulan/500024595##quaPerson,"Huysmans, Jacob",person
http://vocab.getty.edu/ulan/500115207##quaPerson,"Muybridge, Eadweard",person
http://vocab.getty.edu/ulan/500000267##quaPerson,"Mignard, Pierre, I",person
http://vocab.getty.edu/ulan/500005330##quaPerson,"Somer, Paulus van, II",person
http://vocab.getty.edu/ulan/500114965##quaPerson,"Piranesi, Giovanni Battista",person
http://vocab.getty.edu/ulan/500025834##quaPerson,"Schwabe, Randolph",person
http://vocab.getty.edu/ulan/500116197##quaPerson,"Kentridge, William",person
http://vocab.getty.edu/ulan/500027407##quaPerson,"Varley, John, I",person
http://vocab.getty.edu/ulan/500032183##quaPerson,"Cruikshank, Robert",person
http://vocab.getty.edu/ulan/500007425##quaPerson,"Murillo, Bartolomé Estebán",person
http://vocab.getty.edu/ulan/500003628##quaPerson,"Raven-Hill, Leonard",person
http://vocab.getty.edu/ulan/500003150##quaPerson,"Pittoni, Giovanni Battista, the younger",person
http://vocab.getty.edu/ulan/500104623##quaPerson,"Duval, Peter S.",person
http://vocab.getty.edu/ulan/500008603##quaPerson,"Cochin, Charles-Nicolas, the elder",person
http://vocab.getty.edu/ulan/500019814##quaPerson,"Peeters, Bonaventura, I",person
http://vocab.getty.edu/ulan/500019608##quaPerson,"Carwitham, John",person
http://vocab.getty.edu/ulan/500001633##quaPerson,"Hunt, William Holman",person
http://vocab.getty.edu/ulan/500043428##quaPerson,"Schiavonetti, Luigi",person
http://vocab.getty.edu/ulan/500341470##quaPerson,Cleopatra,person
http://vocab.getty.edu/ulan/500093913##quaPerson,"Dobie, James",person
http://vocab.getty.edu/ulan/500002707##quaPerson,"Thomas, Jan",person
http://vocab.getty.edu/ulan/500032953##quaPerson,"Sutherland, Thomas",person
http://vocab.getty.edu/ulan/500017394##quaPerson,"Steenwijck, Hendrick van, the younger",person
http://vocab.getty.edu/ulan/500100869##quaPerson,"Boulonois, Edme de",person
http://vocab.getty.edu/ulan/500057409##quaPerson,"Quinn, Marc",person
http://vocab.getty.edu/ulan/500006953##quaPerson,"Bell, Edward",person
http://vocab.getty.edu/ulan/500041156##quaPerson,"Hullmandel, Charles Joseph",person
http://vocab.getty.edu/ulan/500024425##quaPerson,"Diepenbeeck, Abraham Jansz. van",person
http://vocab.getty.edu/ulan/500024037##quaPerson,"Lairesse, Gérard de",person
http://vocab.getty.edu/ulan/500013588##quaPerson,"Janssen van Ceulen, Cornelius",person
http://vocab.getty.edu/ulan/500005654##quaPerson,"Bufford, John Henry",person
http://vocab.getty.edu/ulan/500007470##quaPerson,"Renaldi, Francesco",person
http://vocab.getty.edu/ulan/500027909##quaPerson,"Mor, Antonis",person
http://vocab.getty.edu/ulan/500016473##quaPerson,"Amigoni, Jacopo",person
http://vocab.getty.edu/ulan/500291813##quaPerson,"Graves, Robert",person
http://vocab.getty.edu/ulan/500010402##quaPerson,"Badmin, Stanley Roy",person
http://vocab.getty.edu/ulan/500313522##quaPerson,"Ariosto, Ludovico",person
http://vocab.getty.edu/ulan/500022746##quaPerson,"Grant, Duncan",person
http://vocab.getty.edu/ulan/500008769##quaPerson,"Marchi, Giuseppe Filippo Liberati",person
http://vocab.getty.edu/ulan/500029940##quaPerson,"Ansdell, Richard",person
http://vocab.getty.edu/ulan/500000714##quaPerson,"Boydell, Josiah",person
http://vocab.getty.edu/ulan/500021942##quaPerson,"Lievensz., Jan",person
http://vocab.getty.edu/ulan/500015057##quaPerson,"Serres, Dominic, the Elder",person
http://vocab.getty.edu/ulan/500061273##quaPerson,"Nadin, Peter",person
http://vocab.getty.edu/ulan/500244380##quaPerson,"Wesley, John",person
http://vocab.getty.edu/ulan/500078157##quaPerson,"Thomas, Percy",person
http://vocab.getty.edu/ulan/500004481##quaPerson,"Okey, Samuel",person
http://vocab.getty.edu/ulan/500005958##quaPerson,"Cruikshank, Isaac",person
http://vocab.getty.edu/ulan/500032145##quaPerson,"Luny, Thomas",person
http://vocab.getty.edu/ulan/500021591##quaPerson,"Fortescue-Brickdale, Eleanor",person
http://vocab.getty.edu/ulan/500018222##quaPerson,"Vasi, Giuseppe",person
http://vocab.getty.edu/ulan/500019023##quaPerson,"Schellenburg, Johann Rudolf",person
http://vocab.getty.edu/ulan/500115370##quaPerson,"Clouet, Jean",person
http://vocab.getty.edu/ulan/500008053##quaPerson,"Devéria, Achille",person
http://vocab.getty.edu/ulan/500009824##quaPerson,"Mengs, Anton Raphael",person
http://vocab.getty.edu/ulan/500238568##quaPerson,"William III, King of England",person
http://vocab.getty.edu/ulan/500115304##quaPerson,"Romano, Giulio",person
http://vocab.getty.edu/ulan/500006463##quaPerson,"Moran, John",person
http://vocab.getty.edu/ulan/500023363##quaPerson,"Nanteuil, Robert",person
http://vocab.getty.edu/ulan/500128793##quaPerson,"Norfolk, Simon",person
http://vocab.getty.edu/ulan/500029468##quaPerson,"Barralet, John James",person
http://vocab.getty.edu/ulan/500026093##quaPerson,"Brangwyn, Frank",person
http://vocab.getty.edu/ulan/500013657##quaPerson,"Doré, Gustave",person
http://vocab.getty.edu/ulan/500000227##quaPerson,"Burridge, Frederick Vango",person
http://vocab.getty.edu/ulan/500344727##quaPerson,"Kenna, Michael",person
http://vocab.getty.edu/ulan/500116018##quaPerson,"Gallaccio, Anya",person
http://vocab.getty.edu/ulan/500030150##quaPerson,"Ewbank, John Wilson",person
http://vocab.getty.edu/ulan/500384415##quaPerson,"Derges, Susan",person
http://vocab.getty.edu/ulan/500016881##quaPerson,"Velázquez, Diego",person
http://vocab.getty.edu/ulan/500029273##quaPerson,"Schut, Cornelis, I",person
http://vocab.getty.edu/ulan/500122357##quaPerson,"Louis XVI, King of France",person
http://vocab.getty.edu/ulan/500012914##quaPerson,"Mason, Frank Henry",person
http://vocab.getty.edu/ulan/500019636##quaPerson,"Jones, Allen",person
http://vocab.getty.edu/ulan/500025303##quaPerson,"Furini, Francesco",person
http://vocab.getty.edu/ulan/500002592##quaPerson,"Leech, John",person
http://vocab.getty.edu/ulan/500041249##quaPerson,"Bailliu, Pieter de, the elder",person
http://vocab.getty.edu/ulan/500003166##quaPerson,"Cunego, Domenico",person
http://vocab.getty.edu/ulan/500022859##quaPerson,"Frood, Hester",person
http://vocab.getty.edu/ulan/500011936##quaPerson,"McKeever, Ian",person
http://vocab.getty.edu/ulan/500122390##quaPerson,"Nicholas I, Emperor of Russia",person
http://vocab.getty.edu/ulan/500014051##quaPerson,"Gilpin, William Sawrey",person
http://vocab.getty.edu/ulan/500019322##quaPerson,"Simmons, William Henry",person
http://vocab.getty.edu/ulan/500028067##quaPerson,"Pine, Robert Edge",person
http://vocab.getty.edu/ulan/500029541##quaPerson,"Sharples, James",person
http://vocab.getty.edu/ulan/500032143##quaPerson,"Boucher, François",person
http://vocab.getty.edu/ulan/500120844##quaPerson,"Reeve, Richard Gilson",person
http://vocab.getty.edu/ulan/500115440##quaPerson,"Devis, Arthur",person
http://vocab.getty.edu/ulan/500026889##quaPerson,"Metz, Conrad Martin",person
http://vocab.getty.edu/ulan/500002184##quaPerson,"Lely, Peter",person
http://vocab.getty.edu/ulan/500023089##quaPerson,"Dunkarton, Robert",person
http://vocab.getty.edu/ulan/500024232##quaPerson,"Cooper, Thomas Sidney",person
http://vocab.getty.edu/ulan/500010419##quaPerson,"Gordon, John Watson",person
http://vocab.getty.edu/ulan/500027946##quaPerson,"Grimshaw, John Atkinson",person
http://vocab.getty.edu/ulan/500000610##quaPerson,"Roberts, David",person
http://vocab.getty.edu/ulan/500088735##quaPerson,"Wellington, Arthur Wellesley, Duke of",person
http://vocab.getty.edu/ulan/500031222##quaPerson,"Sutcliffe, Frank Meadow",person
http://vocab.getty.edu/ulan/500025330##quaPerson,"Ryder, Thomas",person
http://vocab.getty.edu/ulan/500019476##quaPerson,"Hill, David Octavius",person
http://vocab.getty.edu/ulan/500031623##quaPerson,"Worlidge, Thomas",person
http://vocab.getty.edu/ulan/500253117##quaPerson,"Philip II, King of Spain",person
http://vocab.getty.edu/ulan/500027307##quaPerson,"Pesne, Jean",person
http://vocab.getty.edu/ulan/500115355##quaPerson,Philippe de Champaigne,person
http://vocab.getty.edu/ulan/500029893##quaPerson,"Parr, Martin",person
http://vocab.getty.edu/ulan/500016006##quaPerson,"Walker, William",person
http://vocab.getty.edu/ulan/500006082##quaPerson,"Cain, Charles William",person
http://vocab.getty.edu/ulan/500043943##quaPerson,"Wyngaerde, Frans van den",person
http://vocab.getty.edu/ulan/500019280##quaPerson,"Haussard, Jean-Baptiste",person
http://vocab.getty.edu/ulan/500118936##quaPerson,"Goya, Francisco de",person
http://vocab.getty.edu/ulan/500510722##quaPerson,"Goya  Lucientes, Francisco José de",person
http://vocab.getty.edu/ulan/500022240##quaPerson,"Amshewitz, John Henry",person
http://vocab.getty.edu/ulan/500098882##quaPerson,"Cadart, Alfred",person
http://vocab.getty.edu/ulan/500115842##quaPerson,"Taylor, Isidore Justin",person
http://vocab.getty.edu/ulan/500025017##quaPerson,"Metsys, Quinten",person
http://vocab.getty.edu/ulan/500015192##quaPerson,"Holloway, Thomas",person
http://vocab.getty.edu/ulan/500014583##quaPerson,"Green, William",person
http://vocab.getty.edu/ulan/500007973##quaPerson,"Allan, David",person
http://vocab.getty.edu/ulan/500030441##quaPerson,"Loggan, David",person
http://vocab.getty.edu/ulan/500032047##quaPerson,"Epstein, Jacob",person
http://vocab.getty.edu/ulan/500008556##quaPerson,"Bluck, J.",person
http://vocab.getty.edu/ulan/500040627##quaPerson,"Paul, John Dean",person
http://vocab.getty.edu/ulan/500009972##quaPerson,"Fourdrinier, Pierre",person
http://vocab.getty.edu/ulan/500005772##quaPerson,"Zobel, George J.",person
http://vocab.getty.edu/ulan/500005652##quaPerson,"Bril, Paul",person
http://vocab.getty.edu/ulan/500019913##quaPerson,"Caponigro, Paul",person
http://vocab.getty.edu/ulan/500021138##quaPerson,"Cochin, Charles-Nicolas, the younger",person
http://vocab.getty.edu/ulan/500001580##quaPerson,"Havinden, John",person
http://vocab.getty.edu/ulan/500001302##quaPerson,"Meryon, Charles",person
http://vocab.getty.edu/ulan/500005259##quaPerson,"Holbein, Hans, the younger",person
http://vocab.getty.edu/ulan/500013764##quaPerson,"Bol, Ferdinand",person
http://vocab.getty.edu/ulan/500022965##quaPerson,"Walker, John",person
http://vocab.getty.edu/ulan/500126014##quaPerson,"Wiley, Kehinde",person
http://vocab.getty.edu/ulan/500006992##quaPerson,"Gavarni, Paul",person
http://vocab.getty.edu/ulan/500115339##quaPerson,"Canova, Antonio",person
http://vocab.getty.edu/ulan/500000724##quaPerson,"Ridley, Matthew White",person
http://vocab.getty.edu/ulan/500032750##quaPerson,"Murray, Thomas",person
http://vocab.getty.edu/ulan/500003465##quaPerson,"Kirkall, Elisha",person
http://vocab.getty.edu/ulan/500018023##quaPerson,"Earlom, Richard",person
http://vocab.getty.edu/ulan/500334114##quaPerson,"Fuss, Adam",person
http://vocab.getty.edu/ulan/500008275##quaPerson,"Chamberlin, Mason, the elder",person
http://vocab.getty.edu/ulan/500016387##quaPerson,Giambologna,person
http://vocab.getty.edu/ulan/500332694##quaPerson,"Willmore, James Tibbitts",person
http://vocab.getty.edu/ulan/500009343##quaPerson,"Nash, David",person
http://vocab.getty.edu/ulan/500029209##quaPerson,"Hardie, Martin",person
http://vocab.getty.edu/ulan/500047442##quaPerson,"Prestel, Katharina",person
http://vocab.getty.edu/ulan/500029432##quaPerson,"Lancret, Nicolas",person
http://vocab.getty.edu/ulan/500714256##quaPerson,"Barry, James",person
http://vocab.getty.edu/ulan/500055095##quaPerson,"Lerpinière, Daniel",person
http://vocab.getty.edu/ulan/500013090##quaPerson,"Zoffany, Johann",person
http://vocab.getty.edu/ulan/500012494##quaPerson,"Schmidt, Georg Friedrich",person
http://vocab.getty.edu/ulan/500195535##quaPerson,"Riddle, James",person
http://vocab.getty.edu/ulan/500001584##quaPerson,"Wyeth, Jamie",person
http://vocab.getty.edu/ulan/500056927##quaPerson,"Noël, Alphonse Léon",person
http://vocab.getty.edu/ulan/500004347##quaPerson,"Von Holst, Theodor M.",person
http://vocab.getty.edu/ulan/500763043##quaPerson,"Birch, William",person
http://vocab.getty.edu/ulan/500016371##quaPerson,"Street, George Edmund",person
http://vocab.getty.edu/ulan/500114639##quaPerson,"Hancock, Trenton Doyle",person
http://vocab.getty.edu/ulan/500024827##quaPerson,"Rigaud, Hyacinthe",person
http://vocab.getty.edu/ulan/500354061##quaPerson,Mark Antony,person
http://vocab.getty.edu/ulan/500018892##quaPerson,"John, Augustus",person
http://vocab.getty.edu/ulan/500044599##quaPerson,"Strutt, Joseph",person
http://vocab.getty.edu/ulan/500007788##quaPerson,"Chambers, George, the elder",person
http://vocab.getty.edu/ulan/500010297##quaPerson,"Berchem, Nicolaes, the elder",person
http://vocab.getty.edu/ulan/500023744##quaPerson,"Velde, Willem van de, II",person
http://vocab.getty.edu/ulan/500022376##quaPerson,"Spilsbury, Maria",person
http://vocab.getty.edu/ulan/500024364##quaPerson,"Edwards, Edwin",person
http://vocab.getty.edu/ulan/500021218##quaPerson,"Veronese, Paolo",person
http://vocab.getty.edu/ulan/500015966##quaPerson,"Vinckboons, David",person
http://vocab.getty.edu/ulan/500009169##quaPerson,"Girtin, Thomas",person
http://vocab.getty.edu/ulan/500115390##quaPerson,"Corot, Jean-Baptiste-Camille",person
http://vocab.getty.edu/ulan/500115753##quaPerson,"Ward, James",person
http://vocab.getty.edu/ulan/500010879##quaPerson,Leonardo da Vinci,person
http://vocab.getty.edu/ulan/500002084##quaPerson,"Laurie, Robert",person
http://vocab.getty.edu/ulan/500004943##quaPerson,"Molenaer, Jan Miense",person
http://vocab.getty.edu/ulan/500183936##quaPerson,"Couché, François-Louis",person
http://vocab.getty.edu/ulan/500027372##quaPerson,"Carroll, Lewis",person
http://vocab.getty.edu/ulan/500011407##quaPerson,"Tintoretto, Jacopo",person
http://vocab.getty.edu/ulan/500021939##quaPerson,"Bentley, Richard",person
http://vocab.getty.edu/ulan/500027077##quaPerson,"Ruisdael, Jacob van",person
http://vocab.getty.edu/ulan/500020020##quaPerson,"Field, John M.",person
http://vocab.getty.edu/ulan/500032835##quaPerson,"Rushbury, Henry",person
http://vocab.getty.edu/ulan/500010060##quaPerson,"Pontius, Paulus",person
http://vocab.getty.edu/ulan/500019760##quaPerson,"Baillie, William",person
http://vocab.getty.edu/ulan/500031308##quaPerson,"Griffier, Jan, I",person
http://vocab.getty.edu/ulan/500005137##quaPerson,"Nicholson, Ben",person
http://vocab.getty.edu/ulan/500042021##quaPerson,"Henderson, Peter Charles",person
http://vocab.getty.edu/ulan/500031163##quaPerson,"McArdell, James",person
http://vocab.getty.edu/ulan/500003565##quaPerson,"Cousins, Samuel",person
http://vocab.getty.edu/ulan/500009666##quaPerson,"Picasso, Pablo",person
http://vocab.getty.edu/ulan/500013630##quaPerson,"Houston, Richard",person
http://vocab.getty.edu/ulan/500001361##quaPerson,"Barry, Charles, the elder",person
http://vocab.getty.edu/ulan/500012474##quaPerson,"Livesay, Richard",person
http://vocab.getty.edu/ulan/500021645##quaPerson,"Ferretti, Giovanni Domenico",person
http://vocab.getty.edu/ulan/500048280##quaPerson,"Vendramini, Giovanni",person
http://vocab.getty.edu/ulan/500127905##quaPerson,"Aachen, Hans von",person
http://vocab.getty.edu/ulan/500005719##quaPerson,"Stevens, Norman",person
http://vocab.getty.edu/ulan/500019115##quaPerson,"Rajon, Paul-Adolphe",person
http://vocab.getty.edu/ulan/500025835##quaPerson,"Scott, David",person
http://vocab.getty.edu/ulan/500016167##quaPerson,"Jackman, William G.",person
http://vocab.getty.edu/ulan/500373028##quaPerson,"Watkins, John",person
http://vocab.getty.edu/ulan/500018832##quaPerson,Domenichino,person
http://vocab.getty.edu/ulan/500005649##quaPerson,"Frith, Francis",person
http://vocab.getty.edu/ulan/500021368##quaPerson,"Dawe, George",person
http://vocab.getty.edu/ulan/500125958##quaPerson,"Scott, William",person
http://vocab.getty.edu/ulan/500006194##quaPerson,"Tenniel, John",person
http://vocab.getty.edu/ulan/500012615##quaPerson,Parmigianino,person
http://vocab.getty.edu/ulan/500003191##quaPerson,"Hassell, John",person
http://vocab.getty.edu/ulan/500011258##quaPerson,"Legat, Francis",person
http://vocab.getty.edu/ulan/500017546##quaPerson,"Haid, Johann Gottfried",person
http://vocab.getty.edu/ulan/500019614##quaPerson,"Saenredam, Jan",person
http://vocab.getty.edu/ulan/500006468##quaPerson,"Smith, John",person
http://vocab.getty.edu/ulan/500032845##quaPerson,"Both, Jan",person
http://vocab.getty.edu/ulan/500011147##quaPerson,"Cooke, Edward William",person
http://vocab.getty.edu/ulan/500043296##quaPerson,"Bellin, Samuel",person
http://vocab.getty.edu/ulan/500015908##quaPerson,"Marlow, William",person
http://vocab.getty.edu/ulan/500734000##quaPerson,"Beckett, Isaak",person
http://vocab.getty.edu/ulan/500121064##quaPerson,"Cuyp, Aelbert",person
http://vocab.getty.edu/ulan/500013562##quaPerson,"Vivarès, François",person
http://vocab.getty.edu/ulan/500029648##quaPerson,"Danckerts, Cornelis",person
http://vocab.getty.edu/ulan/500115312##quaPerson,"Caravaggio, Michelangelo Merisi da",person
http://vocab.getty.edu/ulan/500032644##quaPerson,"Watteau, Jean-Antoine",person
http://vocab.getty.edu/ulan/500008100##quaPerson,"Alma-Tadema, Lawrence",person
http://vocab.getty.edu/ulan/500031753##quaPerson,"Wyatt, James",person
http://vocab.getty.edu/ulan/500115190##quaPerson,"Dyck, Anthony van",person
http://vocab.getty.edu/ulan/500020205##quaPerson,"Middiman, Samuel",person
http://vocab.getty.edu/ulan/500034394##quaPerson,"Haid, Johann Jakob",person
http://vocab.getty.edu/ulan/500037133##quaPerson,"Pare, Richard",person
http://vocab.getty.edu/ulan/500015637##quaPerson,"Mortimer, John Hamilton",person
http://vocab.getty.edu/ulan/500017868##quaPerson,"Loo, Carle van",person
http://vocab.getty.edu/ulan/500007430##quaPerson,"Schetky, John Christian",person
http://vocab.getty.edu/ulan/500014841##quaPerson,"Höch, Hannah",person
http://vocab.getty.edu/ulan/500027570##quaPerson,"Hodgkin, Howard",person
http://vocab.getty.edu/ulan/500005146##quaPerson,"Mazell, Peter",person
http://vocab.getty.edu/ulan/500010633##quaPerson,"Tissot, James",person
http://vocab.getty.edu/ulan/500025525##quaPerson,"Visscher, Jan de",person
http://vocab.getty.edu/ulan/500017471##quaPerson,"Teyler, Johannes",person
http://vocab.getty.edu/ulan/500004101##quaPerson,"Finlayson, John",person
http://vocab.getty.edu/ulan/500118926##quaPerson,"Bega, Cornelis",person
http://vocab.getty.edu/ulan/500002820##quaPerson,"Hills, Robert",person
http://vocab.getty.edu/ulan/500009240##quaPerson,"John, Gwen",person
http://vocab.getty.edu/ulan/500027981##quaPerson,"Paolozzi, Eduardo",person
http://vocab.getty.edu/ulan/500001517##quaPerson,"Boitard, François",person
http://vocab.getty.edu/ulan/500043236##quaPerson,"Mason, James",person
http://vocab.getty.edu/ulan/500004856##quaPerson,"Landseer, Edwin",person
http://vocab.getty.edu/ulan/500013442##quaPerson,"Ostade, Isack van",person
http://vocab.getty.edu/ulan/500115159##quaPerson,"Everdingen, Allart van",person
http://vocab.getty.edu/ulan/500019163##quaPerson,"Martens, Henry",person
http://vocab.getty.edu/ulan/500023117##quaPerson,"Dobson, William",person
http://vocab.getty.edu/ulan/500023063##quaPerson,"Martin, John",person
http://vocab.getty.edu/ulan/500040896##quaPerson,"Meyssens, Johannes",person
http://vocab.getty.edu/ulan/500003722##quaPerson,"Berger, Daniel",person
http://vocab.getty.edu/ulan/500030145##quaPerson,"Fitton, Hedley",person
http://vocab.getty.edu/ulan/500007231##quaPerson,"Watson, James",person
http://vocab.getty.edu/ulan/500011014##quaPerson,"Brookshaw, Richard",person
http://vocab.getty.edu/ulan/500115515##quaPerson,"Dughet, Gaspard",person
http://vocab.getty.edu/ulan/500014100##quaPerson,"Lanyon, Peter",person
http://vocab.getty.edu/ulan/500026824##quaPerson,"Geikie, Walter",person
http://vocab.getty.edu/ulan/500007820##quaPerson,"Lewis, John Frederick",person
http://vocab.getty.edu/ulan/500012431##quaPerson,"Jordaens, Jacob, the elder",person
http://vocab.getty.edu/ulan/500115264##quaPerson,"Cigoli, Lodovico",person
http://vocab.getty.edu/ulan/500001040##quaPerson,"Beaton, Cecil",person
http://vocab.getty.edu/ulan/500004276##quaPerson,"Cooper, Richard, II",person
http://vocab.getty.edu/ulan/500118666##quaPerson,"Whiteread, Rachel",person
http://vocab.getty.edu/ulan/500008821##quaPerson,"Engelbrecht, Martin",person
http://vocab.getty.edu/ulan/500016871##quaPerson,"Lumsden, Ernest Stephen",person
http://vocab.getty.edu/ulan/500012943##quaPerson,"Orpen, William",person
http://vocab.getty.edu/ulan/500025369##quaPerson,"Say, William",person
http://vocab.getty.edu/ulan/500457585##quaPerson,"Watson, James, approximately 1740-1790",person
http://vocab.getty.edu/ulan/500005716##quaPerson,"Lawrence, David Herbert",person
http://vocab.getty.edu/ulan/500062676##quaPerson,"Hysing, Hans",person
http://vocab.getty.edu/ulan/500008342##quaPerson,"Fulton, Hamish",person
http://vocab.getty.edu/ulan/500106798##quaPerson,"Gray, Joseph",person
http://vocab.getty.edu/ulan/500003306##quaPerson,"Greenwood, John",person
http://vocab.getty.edu/ulan/500015656##quaPerson,"Hooghe, Romeyn de",person
http://vocab.getty.edu/ulan/500010371##quaPerson,"Rottenhammer, Hans, I",person
http://vocab.getty.edu/ulan/500090164##quaPerson,"Stanley-Brown, Rudolph",person
http://vocab.getty.edu/ulan/500021921##quaPerson,"Major, Thomas",person
http://vocab.getty.edu/ulan/500023932##quaPerson,"Townley, Charles",person
http://vocab.getty.edu/ulan/500014495##quaPerson,"Velde, Willem van de, I",person
http://vocab.getty.edu/ulan/500019917##quaPerson,"Wouwerman, Philips",person
http://vocab.getty.edu/ulan/500015243##quaPerson,"Visscher, Claes Jansz.",person
http://vocab.getty.edu/ulan/500115561##quaPerson,"Anguissola, Sofonisba",person
http://vocab.getty.edu/ulan/500026227##quaPerson,"Tatham, Charles Heathcote",person
http://vocab.getty.edu/ulan/500006080##quaPerson,"Moreelse, Paulus",person
http://vocab.getty.edu/ulan/500103936##quaPerson,"Cousen, John",person
http://vocab.getty.edu/ulan/500014532##quaPerson,"Baskett, Charles Henry",person
http://vocab.getty.edu/ulan/500126201##quaPerson,"Brady, Mathew B.",person
http://vocab.getty.edu/ulan/500029409##quaPerson,"Chadwick, Lynn Russell",person
http://vocab.getty.edu/ulan/500006099##quaPerson,"Neeffs, Lodewyck",person
http://vocab.getty.edu/ulan/500030670##quaPerson,"Neeffs, Jacobus",person
http://vocab.getty.edu/ulan/500031736##quaPerson,"Cipriani, Giovanni Battista",person
http://vocab.getty.edu/ulan/500126172##quaPerson,"Walpole, Horace",person
http://vocab.getty.edu/ulan/500018534##quaPerson,"Pollard, James",person
http://vocab.getty.edu/ulan/500009167##quaPerson,"House, Gordon",person
http://vocab.getty.edu/ulan/500058949##quaPerson,"Augustus, Emperor of Rome",person
http://vocab.getty.edu/ulan/500010963##quaPerson,"Fisher, George Bulteel",person
http://vocab.getty.edu/ulan/500006378##quaPerson,"Merigot, J.",person
http://vocab.getty.edu/ulan/500023327##quaPerson,"Goltzius, Hendrick",person
http://vocab.getty.edu/ulan/500007342##quaPerson,"Bloemaert, Abraham",person
http://vocab.getty.edu/ulan/500026618##quaPerson,"Genoels, Abraham",person
http://vocab.getty.edu/ulan/500012273##quaPerson,"Briscoe, Arthur",person
http://vocab.getty.edu/ulan/500014637##quaPerson,"Hussey, Giles",person
http://vocab.getty.edu/ulan/500124282##quaPerson,"Gibbings, Robert",person
http://vocab.getty.edu/ulan/500013401##quaPerson,"Vroom, Hendrick Cornelisz.",person
http://vocab.getty.edu/ulan/500022719##quaPerson,"Pillement, Jean Baptiste",person
http://vocab.getty.edu/ulan/500115875##quaPerson,"Guérard, Henri Charles",person
http://vocab.getty.edu/ulan/500292209##quaPerson,"Pitt, William, Earl of Chatham",person
http://vocab.getty.edu/ulan/500104537##quaPerson,"Zeffirelli, Franco",person
http://vocab.getty.edu/ulan/500012953##quaPerson,"Edwin, David",person
http://vocab.getty.edu/ulan/500013405##quaPerson,"Jeakes, Joseph",person
http://vocab.getty.edu/ulan/500024416##quaPerson,"Godby, James",person
http://vocab.getty.edu/ulan/500030761##quaPerson,"Coypel, Charles-Antoine",person
http://vocab.getty.edu/ulan/500012720##quaPerson,"Batoni, Pompeo",person
http://vocab.getty.edu/ulan/500002030##quaPerson,"Collyer, Joseph",person
http://vocab.getty.edu/ulan/500115349##quaPerson,"Carracci, Agostino",person
http://vocab.getty.edu/ulan/500028037##quaPerson,"Ingres, Jean-Auguste-Dominique",person
http://vocab.getty.edu/ulan/500023438##quaPerson,"Edward VII, King of Great Britain",person
http://vocab.getty.edu/ulan/500008601##quaPerson,"Bartlett, William Henry",person
http://vocab.getty.edu/ulan/500016189##quaPerson,"Rupert, Prince, Count Palatine",person
http://vocab.getty.edu/ulan/500003532##quaPerson,"Piazzetta, Giovanni Battista",person
http://vocab.getty.edu/ulan/500005871##quaPerson,"Leney, William Satchwell",person
http://vocab.getty.edu/ulan/500023235##quaPerson,"Bonnet, Louis-Marin",person
http://vocab.getty.edu/ulan/500066206##quaPerson,"Louden, Albert",person
http://vocab.getty.edu/ulan/500026264##quaPerson,"Le Sueur, Nicolas",person
http://vocab.getty.edu/ulan/500026684##quaPerson,"Savage, Edward",person
http://vocab.getty.edu/ulan/500026846##quaPerson,"Turner, Joseph Mallord William",person
http://vocab.getty.edu/ulan/500002852##quaPerson,"Salviati, Francesco",person
http://vocab.getty.edu/ulan/500115545##quaPerson,"Gentileschi, Orazio",person
http://vocab.getty.edu/ulan/500317194##quaPerson,"Edward IV, King of England",person
http://vocab.getty.edu/ulan/500011051##quaPerson,Rembrandt van Rijn,person
http://vocab.getty.edu/ulan/500014662##quaPerson,"Wyck, Thomas",person
http://vocab.getty.edu/ulan/500356367##quaPerson,"Mellon, Andrew W.",person
http://vocab.getty.edu/ulan/500118804##quaPerson,"Cameron, Julia Margaret",person
http://vocab.getty.edu/ulan/500055847##quaGroup,Gilbert and George,group
http://vocab.getty.edu/ulan/500007520##quaPerson,"Fraser, Donald Hamilton",person
http://vocab.getty.edu/ulan/500115350##quaPerson,"Carracci, Annibale",person
http://vocab.getty.edu/ulan/500019365##quaPerson,"Brandard, Robert",person
http://vocab.getty.edu/ulan/500017941##quaPerson,"Lens, Bernard, II",person
http://vocab.getty.edu/ulan/500010929##quaPerson,"Coburn, Alvin Langdon",person
http://vocab.getty.edu/ulan/500115210##quaPerson,"Barocci, Federico",person
http://vocab.getty.edu/ulan/500115493##quaPerson,"Dürer, Albrecht",person
http://vocab.getty.edu/ulan/500026211##quaPerson,"Eeckhout, Gerbrand van den",person
http://vocab.getty.edu/ulan/500011178##quaPerson,"Langendijk, Dirk",person
http://vocab.getty.edu/ulan/500015875##quaPerson,"Kneller, Godfrey",person
http://vocab.getty.edu/ulan/500443114##quaPerson,"Bretherton, James",person
http://vocab.getty.edu/ulan/500001169##quaPerson,"Seeman, Enoch, the younger",person
http://vocab.getty.edu/ulan/500121571##quaPerson,"Valck, Gerard",person
http://vocab.getty.edu/ulan/500115741##quaPerson,"Gaudier-Brzeska, Henri",person
http://vocab.getty.edu/ulan/500032980##quaPerson,"Swanevelt, Herman van",person
http://vocab.getty.edu/ulan/500002921##quaPerson,"Rubens, Peter Paul",person
http://vocab.getty.edu/ulan/500029813##quaPerson,"Reinagle, Philip",person
http://vocab.getty.edu/ulan/500007239##quaPerson,"Tombleson, William",person
http://vocab.getty.edu/ulan/500021802##quaPerson,"Sherwin, John Keyse",person
http://vocab.getty.edu/ulan/500012432##quaPerson,"Whistler, James McNeill",person
http://vocab.getty.edu/ulan/500115852##quaPerson,"Nollekens, Joseph",person
http://vocab.getty.edu/ulan/500056378##quaPerson,"Angier, Paul",person
http://vocab.getty.edu/ulan/500012148##quaPerson,"Delff, Willem Jacobsz.",person
http://vocab.getty.edu/ulan/500011308##quaPerson,"Dodd, Robert",person
http://vocab.getty.edu/ulan/500018779##quaPerson,"Leach, Bernard",person
http://vocab.getty.edu/ulan/500001816##quaPerson,"Holl, Frank",person
http://vocab.getty.edu/ulan/500024913##quaPerson,"Liss, Johann",person
http://vocab.getty.edu/ulan/500006788##quaPerson,"Hondius, Hendrik, I",person
http://vocab.getty.edu/ulan/500031518##quaPerson,"Chantrey, Francis Legatt",person
http://vocab.getty.edu/ulan/500011629##quaPerson,"Laing, Gerald",person
http://vocab.getty.edu/ulan/500065270##quaPerson,"Bryden, Robert",person
http://vocab.getty.edu/ulan/500021903##quaPerson,"Engelmann, Godefroy",person
http://vocab.getty.edu/ulan/500310657##quaPlace,Palais des Tuileries,place
http://vocab.getty.edu/ulan/500007622##quaPerson,"Vandergucht, Gerard",person
http://vocab.getty.edu/ulan/500028098##quaPerson,"Emes, John",person
http://vocab.getty.edu/ulan/500486126##quaPerson,"Blampied, Edward",person
http://vocab.getty.edu/ulan/500013192##quaPerson,"Colson, Jean-François",person
http://vocab.getty.edu/ulan/500014963##quaPerson,"Ghezzi, Pier Leone",person
http://vocab.getty.edu/ulan/500453066##quaPerson,"Thomassin, Simon Henri",person
http://vocab.getty.edu/ulan/500028800##quaPerson,"Rooker, Edward",person
http://vocab.getty.edu/ulan/500017398##quaPerson,"MacWhirter, John",person
http://vocab.getty.edu/ulan/500019144##quaPerson,"Hall, John",person
http://vocab.getty.edu/ulan/500006946##quaPerson,"Green, James",person
http://vocab.getty.edu/ulan/500013220##quaPerson,"Pasmore, Victor",person
http://vocab.getty.edu/ulan/500028492##quaPerson,"Maverick, Peter",person
http://vocab.getty.edu/ulan/500021174##quaPerson,"Teniers, David, I",person
http://vocab.getty.edu/ulan/500012106##quaPerson,"Turner, Charles",person
http://vocab.getty.edu/ulan/500005739##quaPerson,"Coe, Sue",person
http://vocab.getty.edu/ulan/500029777##quaPerson,"Wright, Joseph, of Derby",person
http://vocab.getty.edu/ulan/500027377##quaPerson,"Phillips, Richard",person
http://vocab.getty.edu/ulan/500245283##quaPerson,"Henry III, King of England",person
http://vocab.getty.edu/ulan/500048140##quaPerson,"Mayer, Luigi",person
http://vocab.getty.edu/ulan/500016966##quaPerson,"Herring, John Frederick, Sr.",person
http://vocab.getty.edu/ulan/500000302##quaPerson,"Bevan, Tony",person
http://vocab.getty.edu/ulan/500016057##quaPerson,"Strang, William",person
http://vocab.getty.edu/ulan/500014273##quaPerson,"Maguire, Thomas Herbert",person
http://vocab.getty.edu/ulan/500108357##quaPerson,"Floyd, W.",person
http://vocab.getty.edu/ulan/500022069##quaPerson,"Wittel, Gaspar van",person
http://vocab.getty.edu/ulan/500031539##quaPerson,"Fortuny y Carbó, Mariano José María Bernardo",person
http://vocab.getty.edu/ulan/500025390##quaPerson,"Blampied, Edmund",person
http://vocab.getty.edu/ulan/500012411##quaPerson,"Burt, Charles Kennedy",person
http://vocab.getty.edu/ulan/500305452##quaGroup,"Phillips Academy, Addison Gallery of American Art",group
http://vocab.getty.edu/ulan/500115500##quaPerson,"Cambiaso, Luca",person
http://vocab.getty.edu/ulan/500055913##quaPerson,"Brenson, Theodore",person
http://vocab.getty.edu/ulan/500310654##quaGroup,Palais de l'Elysée,group
http://vocab.getty.edu/ulan/500017615##quaPerson,"Roubiliac, Louis François",person
http://vocab.getty.edu/ulan/500006043##quaPerson,"Smibert, John",person
http://vocab.getty.edu/ulan/500025118##quaPerson,"Salamanca, Antonio",person
http://vocab.getty.edu/ulan/500051859##quaPerson,"Simon, Jean",person
http://vocab.getty.edu/ulan/500042299##quaPerson,"Tingle, James",person
http://vocab.getty.edu/ulan/500068976##quaPerson,"Mertin, Roger",person
http://vocab.getty.edu/ulan/500006139##quaPerson,"Cosway, Maria Louisa Catherine Cecilia",person
http://vocab.getty.edu/ulan/500044421##quaPerson,"Walker, James",person
http://vocab.getty.edu/ulan/500118927##quaPerson,"Maratti, Carlo",person
http://vocab.getty.edu/ulan/500069865##quaPerson,"Selvi, Antonio Francesco",person
http://vocab.getty.edu/ulan/500330864##quaPerson,"Haydn, Joseph",person
http://vocab.getty.edu/ulan/500002441##quaPerson,"Dusart, Cornelis",person
http://vocab.getty.edu/ulan/500062605##quaPerson,"Wedgwood, Josiah",person
http://vocab.getty.edu/ulan/500009552##quaPerson,"Jode, Pieter de, II",person
http://vocab.getty.edu/ulan/500472228##quaPerson,"Clark, Ed",person
http://vocab.getty.edu/ulan/500022410##quaPerson,"Hamilton, James Whitelaw",person
http://vocab.getty.edu/ulan/500009177##quaPerson,"Copley, John Singleton",person
http://vocab.getty.edu/ulan/500030003##quaPerson,"Lemercier, Rose Joseph",person
http://vocab.getty.edu/ulan/500112822##quaPerson,"Evershed, Arthur",person
http://vocab.getty.edu/ulan/500003808##quaPerson,"Walton, W. L.",person
http://vocab.getty.edu/ulan/500001048##quaPerson,"Conder, Charles",person
http://vocab.getty.edu/ulan/500009888##quaPerson,"Burney, Edward Francis",person
http://vocab.getty.edu/ulan/500456442##quaGroup,Fine Art Society,group
http://vocab.getty.edu/ulan/500115779##quaPerson,"Romney, George",person
http://vocab.getty.edu/ulan/500024171##quaPerson,"Bonington, Richard Parkes",person
http://vocab.getty.edu/ulan/500018745##quaPerson,"Burke, Thomas",person
http://vocab.getty.edu/ulan/500024442##quaPerson,"Winstanley, William",person
http://vocab.getty.edu/ulan/500003440##quaPerson,"Pond, Arthur",person
http://vocab.getty.edu/ulan/500028054##quaPerson,"Boys, Thomas Shotter",person
http://vocab.getty.edu/ulan/500404090##quaPerson,Henry V,person
http://vocab.getty.edu/ulan/500372865##quaGroup,Editions Alecto Ltd.,group
http://vocab.getty.edu/ulan/500012871##quaPerson,"Agasse, Jacques Laurent",person
http://vocab.getty.edu/ulan/500115474##quaPerson,"Crome, John",person
http://vocab.getty.edu/ulan/500003353##quaPerson,"Jacklin, Bill",person
http://vocab.getty.edu/ulan/500000110##quaPerson,"Bone, Muirhead",person
http://vocab.getty.edu/ulan/500019987##quaPerson,"Robertson, Percy",person
http://vocab.getty.edu/ulan/500011571##quaPerson,"Vico, Enea",person
http://vocab.getty.edu/ulan/500000017##quaPerson,"Subleyras, Pierre",person
http://vocab.getty.edu/ulan/500000090##quaPerson,"Greaves, Walter",person
http://vocab.getty.edu/ulan/500315942##quaPerson,"Clement XIV, Pope",person
http://vocab.getty.edu/ulan/500021776##quaPerson,"Brooks, John",person
http://vocab.getty.edu/ulan/500024662##quaPerson,"Danby, Francis",person
http://vocab.getty.edu/ulan/500020741##quaPerson,"Smith, Charles John",person
http://vocab.getty.edu/ulan/500647114##quaPerson,"Bailliu, Pieter de, I",person
http://vocab.getty.edu/ulan/500122326##quaPerson,"Marie de Médicis, Queen consort of Henry IV",person
http://vocab.getty.edu/ulan/500017263##quaPerson,"Fenton, Roger",person
http://vocab.getty.edu/ulan/500028996##quaPerson,"Pissarro, Lucien",person
http://vocab.getty.edu/ulan/500105206##quaPerson,"Mann, Sally",person
http://vocab.getty.edu/ulan/500022805##quaPerson,"Wale, Samuel",person
http://vocab.getty.edu/ulan/500335091##quaPerson,"Cousen, Charles",person
http://vocab.getty.edu/ulan/500019302##quaPerson,"Ramsay, Allan",person
http://vocab.getty.edu/ulan/500032325##quaPerson,"Raeburn, Henry",person
http://vocab.getty.edu/ulan/500004195##quaPerson,"Rackham, Arthur",person
http://vocab.getty.edu/ulan/500004931##quaPerson,"Macbeth, Robert Walker",person
http://vocab.getty.edu/ulan/500003073##quaPerson,"Hamilton, Hugh Douglas",person
http://vocab.getty.edu/ulan/500048327##quaPerson,"Hamerton, Philip Gilbert",person
http://vocab.getty.edu/ulan/500119555##quaPerson,"Anderson, Stanley",person
http://vocab.getty.edu/ulan/500020329##quaPerson,"Grignion, Charles, I",person
http://vocab.getty.edu/ulan/500109918##quaPerson,"Brunet-Debaines, Alfred-Louis",person
http://vocab.getty.edu/ulan/500013428##quaPerson,"Clark, Ed",person
http://vocab.getty.edu/ulan/500006262##quaPerson,"Ruskin, John",person
http://vocab.getty.edu/ulan/500004242##quaPerson,"Hogarth, William",person
http://vocab.getty.edu/ulan/500093239##quaPerson,"Basquiat, Jean-Michel",person
http://vocab.getty.edu/ulan/500014123##quaPerson,"Vorsterman, Lucas",person
http://vocab.getty.edu/ulan/500025866##quaPerson,"Griggs, Frederick Landseer Maur",person
http://vocab.getty.edu/ulan/500017653##quaPerson,Girolamo da Cremona,person
http://vocab.getty.edu/ulan/500115416##quaPerson,"Cox, David, the elder",person
http://vocab.getty.edu/ulan/500005381##quaPerson,"Cheesman, Thomas",person
http://vocab.getty.edu/ulan/500003709##quaPerson,"Lucas, David",person
http://vocab.getty.edu/ulan/500117324##quaPerson,"Wyon, William",person
http://vocab.getty.edu/ulan/500030154##quaPerson,"Reinagle, Ramsay Richard",person
http://vocab.getty.edu/ulan/500012829##quaPerson,"Hill, John",person
http://vocab.getty.edu/ulan/500021675##quaPerson,"Bennett, William James",person
http://vocab.getty.edu/ulan/500007808##quaPerson,"Cook, Thomas",person
http://vocab.getty.edu/ulan/500008651##quaPerson,"Saraceni, Carlo",person
http://vocab.getty.edu/ulan/500031367##quaPerson,"Millais, John Everett",person
http://vocab.getty.edu/ulan/500007560##quaPerson,"Cameron, David Young",person
http://vocab.getty.edu/ulan/500115439##quaPerson,"Delaroche, Paul",person
http://vocab.getty.edu/ulan/500027543##quaPerson,"Wilkin, Charles",person
http://vocab.getty.edu/ulan/500026204##quaPerson,"Johnston, Thomas",person
http://vocab.getty.edu/ulan/500007852##quaPerson,"Kitaj, R. B.",person
http://vocab.getty.edu/ulan/500026335##quaPerson,"Beale, Mary",person
http://vocab.getty.edu/ulan/500080402##quaPerson,"Gaucherel, Léon",person
http://vocab.getty.edu/ulan/500010070##quaPerson,"Vigée-LeBrun, Elisabeth Louise",person
http://vocab.getty.edu/ulan/500120300##quaPerson,"Jukes, Francis",person
http://vocab.getty.edu/ulan/500018299##quaPerson,"Smith, Richard",person
http://vocab.getty.edu/ulan/500310583##quaType,Manufacture Nationale des Gobelins,type
http://vocab.getty.edu/ulan/500007931##quaPerson,"Pine, John",person
http://vocab.getty.edu/ulan/500274758##quaGroup,East India Company,group
http://vocab.getty.edu/ulan/500010654##quaPerson,"Buonarroti, Michelangelo",person
http://vocab.getty.edu/ulan/500001393##quaPerson,"Heath, James",person
http://vocab.getty.edu/ulan/500021153##quaPerson,"Bacon, Francis",person
http://vocab.getty.edu/ulan/500115199##quaPerson,"Dupont, Gainsborough",person
http://vocab.getty.edu/ulan/500031295##quaPerson,"Morland, George",person
http://vocab.getty.edu/ulan/500018890##quaPerson,"Walters, Samuel",person
http://vocab.getty.edu/ulan/500007382##quaPerson,"Isabey, Eugène",person
http://vocab.getty.edu/ulan/500018332##quaPerson,"Prout, Samuel",person
http://vocab.getty.edu/ulan/500169332##quaPerson,"Salter, Rebecca",person
http://vocab.getty.edu/ulan/500028130##quaPerson,"Busby, Charles Augustus",person
http://vocab.getty.edu/ulan/500123602##quaPerson,"Thomas, James Havard",person
http://vocab.getty.edu/ulan/500213367##quaGroup,Dallas Museum of Art,group
http://vocab.getty.edu/ulan/500009971##quaPerson,"Frith, William Powell",person
http://vocab.getty.edu/ulan/500005227##quaPerson,"Malcolm, James Peller",person
http://vocab.getty.edu/ulan/500449411##quaPerson,"Handel, George Frideric",person
http://vocab.getty.edu/ulan/500008963##quaPerson,"Lee-Hankey, William",person
http://vocab.getty.edu/ulan/500032263##quaPerson,"Stubbs, George",person
http://vocab.getty.edu/ulan/500027029##quaPerson,"Vaughan, John Keith",person
http://vocab.getty.edu/ulan/500025761##quaPerson,"Wilson, G. W.",person
http://vocab.getty.edu/ulan/500018282##quaPerson,"Cohen, Harold",person
http://vocab.getty.edu/ulan/500030146##quaPerson,"Barlow, Francis",person
http://vocab.getty.edu/ulan/500025826##quaPerson,"Lewis, Wyndham",person
http://vocab.getty.edu/ulan/500072691##quaPerson,"Brewer, Henry Charles",person
http://vocab.getty.edu/ulan/500321549##quaPerson,"Lipsius, Justus",person
http://vocab.getty.edu/ulan/500077373##quaPerson,"Caesar, Julius",person
http://vocab.getty.edu/ulan/500030207##quaPerson,"Stevens, Alfred",person
http://vocab.getty.edu/ulan/500054972##quaPerson,"Sala, George Augustus",person
http://vocab.getty.edu/ulan/500124327##quaPerson,"Tibaldi, Pellegrino",person
http://vocab.getty.edu/ulan/500017336##quaPerson,"Cotes, Samuel",person
http://vocab.getty.edu/ulan/500000541##quaPerson,"Smart, John I",person
http://vocab.getty.edu/ulan/500005903##quaPerson,"Pater, Jean-Baptiste",person
http://vocab.getty.edu/ulan/500008930##quaPerson,"Buck, Nathaniel",person
http://vocab.getty.edu/ulan/500018910##quaPerson,"Birch, William Russell",person
http://vocab.getty.edu/ulan/500293808##quaPerson,"Caja, Jerome",person
http://vocab.getty.edu/ulan/500146377##quaPerson,"Balliu, Pieter de",person
http://vocab.getty.edu/ulan/500008099##quaPerson,"Riley, John",person
http://vocab.getty.edu/ulan/500018999##quaPerson,"Dodd, Daniel",person
http://vocab.getty.edu/ulan/500020542##quaPerson,"Galle, Cornelis, I",person
http://vocab.getty.edu/ulan/500022662##quaPerson,"Lalanne, Maxime",person
http://vocab.getty.edu/ulan/500020371##quaPerson,"Carpenter, Margaret Sarah",person
http://vocab.getty.edu/ulan/500205051##quaPerson,"Henry VIII, King of England",person
http://vocab.getty.edu/ulan/500304664##quaGroup,"Boston College, McMullen Museum of Art",group
http://vocab.getty.edu/ulan/500013141##quaPerson,"Huggins, William John",person
http://vocab.getty.edu/ulan/500330573##quaPerson,"Newton, Isaac",person
http://vocab.getty.edu/ulan/500015549##quaPerson,"Menpes, Mortimer",person
http://vocab.getty.edu/ulan/500032367##quaPerson,"Sharp, William",person
http://vocab.getty.edu/ulan/500029755##quaPerson,"Scultori, Adamo",person
http://vocab.getty.edu/ulan/500115284##quaPerson,"Etty, William",person
http://vocab.getty.edu/ulan/500006612##quaPerson,"Samuel, George",person
http://vocab.getty.edu/ulan/500029430##quaPerson,"Baynes, Thomas Mann",person
http://vocab.getty.edu/ulan/500356624##quaPerson,"Léopold I, King of the Belgians",person
http://vocab.getty.edu/ulan/500048246##quaPerson,"Draper, William Franklin",person
http://vocab.getty.edu/ulan/500008128##quaPerson,"Jefferys, James",person
http://vocab.getty.edu/ulan/500023586##quaPerson,"Kauffer, E. McKnight",person
http://vocab.getty.edu/ulan/500019989##quaPerson,"Bewick, Thomas",person
http://vocab.getty.edu/ulan/500025827##quaPerson,"Hall, Henry Bryan, I",person
http://vocab.getty.edu/ulan/500024299##quaPerson,"Siskind, Aaron",person
http://vocab.getty.edu/ulan/500017985##quaPerson,"Verdier, François",person
http://vocab.getty.edu/ulan/500214534##quaGroup,Philadelphia Museum of Art,group
http://vocab.getty.edu/ulan/500013173##quaPerson,"Hoppner, John",person
http://vocab.getty.edu/ulan/500025639##quaPerson,"Sergent-Marceau, Antoine Louis François",person
http://vocab.getty.edu/ulan/500057061##quaPerson,"Leizelt, Balthasar Friedrich",person
http://vocab.getty.edu/ulan/500341061##quaPerson,"Hartmann, Erich",person
http://vocab.getty.edu/ulan/500020436##quaPerson,"Richardson, Jonathan, the elder",person
http://vocab.getty.edu/ulan/500028857##quaPerson,"Ricci, Sebastiano",person
http://vocab.getty.edu/ulan/500031142##quaPerson,"Colquhoun, Robert",person
http://vocab.getty.edu/ulan/500459294##quaPerson,"Bolswert, Schelte, approximately 1586-1659",person
http://vocab.getty.edu/ulan/500014587##quaPerson,"Crane, Walter",person
http://vocab.getty.edu/ulan/500032068##quaPerson,"Beardsley, Aubrey Vincent",person
http://vocab.getty.edu/ulan/500051681##quaPerson,"Honthorst, Gerrit van",person
http://vocab.getty.edu/ulan/500008907##quaPerson,"Adam, Robert",person
http://vocab.getty.edu/ulan/500019004##quaPerson,"Vanderbanck, John",person
http://vocab.getty.edu/ulan/500115661##quaPerson,"Edelinck, Gérard",person
http://vocab.getty.edu/ulan/500010175##quaPerson,"Brambilla, Ambrogio",person
http://vocab.getty.edu/ulan/500010956##quaPerson,"Fontebasso, Francesco",person
http://vocab.getty.edu/ulan/500006873##quaPerson,"Sully, Thomas",person
http://vocab.getty.edu/ulan/500011112##quaPerson,"Sartorius, John Nost",person
http://vocab.getty.edu/ulan/500005173##quaPerson,"Wyatville, Jeffry",person
http://vocab.getty.edu/ulan/500115449##quaPerson,"Flaxman, John",person
http://vocab.getty.edu/ulan/500014844##quaPerson,"Maclise, Daniel",person
http://vocab.getty.edu/ulan/500016990##quaPerson,"Trémolières, Pierre Charles",person
http://vocab.getty.edu/ulan/500020200##quaPerson,"Winstanley, Henry",person
http://vocab.getty.edu/ulan/500015046##quaPerson,"Moran, Mary Nimmo",person
http://vocab.getty.edu/ulan/500013852##quaPerson,"Desprez, Louis Jean",person
http://vocab.getty.edu/ulan/500017106##quaPerson,"Holmes, Charles John",person
http://vocab.getty.edu/ulan/500002809##quaPerson,"Robertson, Archibald",person
http://vocab.getty.edu/ulan/500012476##quaPerson,"Westall, Richard",person
http://vocab.getty.edu/ulan/500404088##quaPerson,"Henry IV, King of England",person
http://vocab.getty.edu/ulan/500013876##quaPerson,"Farington, Joseph",person
http://vocab.getty.edu/ulan/500015747##quaPerson,"Maes, Nicolaes",person
http://vocab.getty.edu/ulan/500030648##quaPerson,"Bentley, Joseph Clayton",person
http://vocab.getty.edu/ulan/500024398##quaPerson,"Hoogkamer, Willem H.",person
http://vocab.getty.edu/ulan/500115345##quaPerson,"Caro, Anthony",person
http://vocab.getty.edu/ulan/500020310##quaPerson,"Smith, John Rubens",person
http://vocab.getty.edu/ulan/500028368##quaPerson,"Hollar, Wenceslaus",person
http://vocab.getty.edu/ulan/500032894##quaPerson,"Lastman, Pieter",person
http://vocab.getty.edu/ulan/500011078##quaPerson,"Detmold, Edward Julius",person
http://vocab.getty.edu/ulan/500016261##quaPerson,"Lear, Edward",person
http://vocab.getty.edu/ulan/500001054##quaPerson,"Piper, John",person
http://vocab.getty.edu/ulan/500017718##quaPerson,"Kidd, Joseph Bartholomew",person
http://vocab.getty.edu/ulan/500013903##quaPerson,"Long, Richard",person
http://vocab.getty.edu/ulan/500005325##quaPerson,"Neagle, John",person
http://vocab.getty.edu/ulan/500009467##quaPerson,"Harding, James Duffield",person
http://vocab.getty.edu/ulan/500015047##quaPerson,"Testa, Pietro",person
http://vocab.getty.edu/ulan/500126166##quaPerson,"Macpherson, Robert",person
http://vocab.getty.edu/ulan/500115664##quaPerson,"Steen, Jan",person
http://vocab.getty.edu/ulan/500354159##quaPerson,"Visscher, Nicolaes",person
http://vocab.getty.edu/ulan/500026951##quaPerson,"Delâtre, Auguste",person
http://vocab.getty.edu/ulan/500017273##quaPerson,"Hockney, David",person
http://vocab.getty.edu/ulan/500040649##quaPerson,"Caldwall, James",person
http://vocab.getty.edu/ulan/500021840##quaPerson,"Faber, John, the younger",person
http://vocab.getty.edu/ulan/500254710##quaGroup,Vancouver Art Gallery,group
http://vocab.getty.edu/ulan/500017014##quaPerson,"Zocchi, Giuseppe",person
http://vocab.getty.edu/ulan/500010587##quaPerson,"Adamson, Robert",person
http://vocab.getty.edu/ulan/500009084##quaPerson,"Linnell, John",person
http://vocab.getty.edu/ulan/500067127##quaGroup,Goupil & Cie,group
http://vocab.getty.edu/ulan/500017197##quaPerson,"Hone, Horace",person
http://vocab.getty.edu/ulan/500046255##quaPerson,"Münster, Sebastian M.",person
http://vocab.getty.edu/ulan/500053935##quaPerson,"Woodrow, Bill",person
http://vocab.getty.edu/ulan/500010392##quaPerson,"Stuart, Gilbert",person
http://vocab.getty.edu/ulan/500005257##quaPerson,"Bolswert, Schelte",person
http://vocab.getty.edu/ulan/500529859##quaPerson,"Clark, Edward",person
http://vocab.getty.edu/ulan/500042926##quaPerson,"Lombart, Pierre",person
http://vocab.getty.edu/ulan/500025577##quaPerson,"Sibson, Thomas",person
http://vocab.getty.edu/ulan/500011687##quaPerson,"Opie, John",person
http://vocab.getty.edu/ulan/500000326##quaPerson,"Bromley, William, I",person
http://vocab.getty.edu/ulan/500030793##quaPerson,"Parsons, Alfred William",person
http://vocab.getty.edu/ulan/500003528##quaPerson,"Rigaud, Jacques",person
http://vocab.getty.edu/ulan/500013243##quaPerson,"Ryland, William Wynne",person
http://vocab.getty.edu/ulan/500116161##quaPerson,"Pierson, Jack",person
http://vocab.getty.edu/ulan/500033108##quaPerson,"Smith, Sidney Lawton",person
http://vocab.getty.edu/ulan/500002862##quaPerson,"Walker, John",person
http://vocab.getty.edu/ulan/500016660##quaPerson,"Aveline, Pierre-Alexandre",person
http://vocab.getty.edu/ulan/500014877##quaPerson,"Dadd, Richard",person
http://vocab.getty.edu/ulan/500003037##quaPerson,"Davies, John",person
http://vocab.getty.edu/ulan/500116497##quaPerson,"Smith, John Raphael",person
http://vocab.getty.edu/ulan/500014010##quaPerson,"Cross, Henri Edmond",person
http://vocab.getty.edu/ulan/500464622##quaPerson,"Cardon, Paul François Arnold",person
http://vocab.getty.edu/ulan/500015593##quaPerson,"Drury, Paul",person
http://vocab.getty.edu/ulan/500020194##quaPerson,"Zuccaro, Federico",person
http://vocab.getty.edu/ulan/500003859##quaPerson,"Ketel, Cornelis",person
http://vocab.getty.edu/ulan/500011491##quaPerson,"Dolci, Carlo",person
http://vocab.getty.edu/ulan/500000978##quaPerson,"Gooden, Stephen",person
http://vocab.getty.edu/ulan/500002801##quaPerson,"Canot, Pierre-Charles",person
http://vocab.getty.edu/ulan/500008528##quaPerson,"Ehret, Georg Dionysius",person
http://vocab.getty.edu/ulan/500015642##quaPerson,"Pyall, Henry",person
http://vocab.getty.edu/ulan/500041839##quaPerson,"Cardon, Antoine",person
http://vocab.getty.edu/ulan/500011561##quaPerson,"Largillière, Nicolas de",person
http://vocab.getty.edu/ulan/500271303##quaPerson,"Henry VI, King of England",person
http://vocab.getty.edu/ulan/500255877##quaPerson,"Joyce, James",person
http://vocab.getty.edu/ulan/500030391##quaPerson,"Morley, Malcolm",person
http://vocab.getty.edu/ulan/500021004##quaPerson,"Haden, Seymour",person
http://vocab.getty.edu/ulan/500456477##quaPerson,"Lipsius, Justus",person
http://vocab.getty.edu/ulan/500287105##quaPerson,"Coleridge, Samuel Taylor",person
http://vocab.getty.edu/ulan/500013263##quaPerson,"Boyne, John",person
http://vocab.getty.edu/ulan/500005125##quaPerson,"Trevisani, Francesco",person
http://vocab.getty.edu/ulan/500019203##quaPerson,"Blooteling, Abraham",person
http://vocab.getty.edu/ulan/500010431##quaPerson,"Beckett, Isaac",person
http://vocab.getty.edu/ulan/500016280##quaPerson,"Buck, Samuel",person
http://vocab.getty.edu/ulan/500002934##quaPerson,"Strange, Robert",person
http://vocab.getty.edu/ulan/500006886##quaPerson,"Adam, Victor",person
http://vocab.getty.edu/ulan/500031363##quaPerson,"Havell, Robert, I",person
http://vocab.getty.edu/ulan/500079587##quaPerson,"Fores, S. W.",person
http://vocab.getty.edu/ulan/500310622##quaGroup,Musée du Luxembourg,group
http://vocab.getty.edu/ulan/500029665##quaPerson,"Gardner, Daniel",person
http://vocab.getty.edu/ulan/500056858##quaPerson,"Lowry, Wilson",person
http://vocab.getty.edu/ulan/500017914##quaPerson,"Peale, Charles Willson",person
http://vocab.getty.edu/ulan/500032748##quaPerson,"Mason, Raymond",person
http://vocab.getty.edu/ulan/500764147##quaPerson,"Albani, Francesco",person
http://vocab.getty.edu/ulan/500002927##quaPerson,"Zorn, Anders",person
http://vocab.getty.edu/ulan/500010446##quaPerson,"Evans, Frederick Henry",person
http://vocab.getty.edu/ulan/500013384##quaPerson,"Riley, Bridget",person
http://vocab.getty.edu/ulan/500008414##quaPerson,"Pugin, Augustus Welby Northmore",person
http://vocab.getty.edu/ulan/500022478##quaPerson,"Buttersworth, Thomas",person
http://vocab.getty.edu/ulan/500001805##quaPerson,"Picart, Bernard",person
http://vocab.getty.edu/ulan/500066469##quaPerson,"Meadows, Bernard",person
http://vocab.getty.edu/ulan/500011714##quaPerson,"Knell, William Adolphus",person
http://vocab.getty.edu/ulan/500001381##quaPerson,"Burne-Jones, Edward",person
http://vocab.getty.edu/ulan/500019962##quaPerson,"Parks, Gordon",person
http://vocab.getty.edu/ulan/500018326##quaPerson,"Roussel, Theodore",person
http://vocab.getty.edu/ulan/500022619##quaPerson,"Lawrence, Thomas",person
http://vocab.getty.edu/ulan/500030820##quaPerson,"Hope, Thomas",person
http://vocab.getty.edu/ulan/500329422##quaPerson,"Weems, Carrie Mae",person
http://vocab.getty.edu/ulan/500004539##quaPerson,"Reynolds, Joshua",person
http://vocab.getty.edu/ulan/500031639##quaPerson,"Hondius, Jodocus, the elder",person
http://vocab.getty.edu/ulan/500034110##quaGroup,Gobelins Tapestry Manufactory,group
http://vocab.getty.edu/ulan/500102331##quaPerson,"MacKenzie, James Hamilton",person
http://vocab.getty.edu/ulan/500015185##quaPerson,"Baker, Oliver",person
http://vocab.getty.edu/ulan/500115697##quaPerson,"Vespasian, Emperor of Rome",person
http://vocab.getty.edu/ulan/500015217##quaPerson,"Chartran, Théobald",person
http://vocab.getty.edu/ulan/500023701##quaPerson,"Pinwell, George John",person
http://vocab.getty.edu/ulan/500022460##quaPerson,"Baxter, George",person
http://vocab.getty.edu/ulan/500272240##quaPerson,"Shakespeare, William",person
http://vocab.getty.edu/ulan/500001615##quaPerson,"Hall, Oliver",person
http://vocab.getty.edu/ulan/500490722##quaPerson,"Knight, Autumn",person
http://vocab.getty.edu/ulan/500017355##quaPerson,"Gillray, James",person
http://vocab.getty.edu/ulan/500026690##quaPerson,"Landseer, Thomas",person
http://vocab.getty.edu/ulan/500000823##quaPerson,"Shackleton, William",person
http://vocab.getty.edu/ulan/500015393##quaPerson,"Jackson, John Baptist",person
http://vocab.getty.edu/ulan/500025673##quaPerson,"Hancock, Robert",person
http://vocab.getty.edu/ulan/500329580##quaGroup,University of Glasgow,group
http://vocab.getty.edu/ulan/500335883##quaPerson,"Sprinkle, Annie",person
http://vocab.getty.edu/ulan/500045253##quaPerson,"Delpech, François-Séraphin",person
http://vocab.getty.edu/ulan/500032205##quaPerson,"Pyne, William Henry",person
http://vocab.getty.edu/ulan/500555057##quaPerson,"Edwards, Samuel Arlent",person
http://vocab.getty.edu/ulan/500013041##quaPerson,"Procaccini, Camillo",person
http://vocab.getty.edu/ulan/500000798##quaPerson,"Robertson, Andrew",person
http://vocab.getty.edu/ulan/500002605##quaPerson,"Howarth, Albany E.",person
http://vocab.getty.edu/ulan/500066419##quaPerson,"Wyon, Leonard Charles",person
http://vocab.getty.edu/ulan/500003735##quaPerson,"Barry, James",person
http://vocab.getty.edu/ulan/500000139##quaPerson,"Musscher, Michiel van",person
http://vocab.getty.edu/ulan/500004610##quaPerson,"Johnson, Thomas",person
http://vocab.getty.edu/ulan/500248237##quaPerson,"Napoleon III, Emperor of the French",person
http://vocab.getty.edu/ulan/500027729##quaPerson,"Geddes, Andrew",person
http://vocab.getty.edu/ulan/500012701##quaPerson,"Bisschop, Jan de",person
http://vocab.getty.edu/ulan/500324336##quaPerson,"Pound, Ezra",person
http://vocab.getty.edu/ulan/500109845##quaPerson,"Leighton, Clare",person
http://vocab.getty.edu/ulan/500029542##quaPerson,"Wicar, Jean Baptiste Joseph",person
http://vocab.getty.edu/ulan/500005992##quaPerson,"Rothenstein, William",person
http://vocab.getty.edu/ulan/500115288##quaPerson,"Fielding, Copley",person
http://vocab.getty.edu/ulan/500019515##quaPerson,"Hondius, Abraham",person
http://vocab.getty.edu/ulan/500017459##quaPerson,"Wheatley, Francis",person
http://vocab.getty.edu/ulan/500032223##quaPerson,"Baden-Powell, Robert Lord",person
http://vocab.getty.edu/ulan/500347869##quaPerson,"Modica, Andrea",person
http://vocab.getty.edu/ulan/500212101##quaGroup,Hôtel de Sully,group
http://vocab.getty.edu/ulan/500372798##quaPerson,"Linné, Carl von",person
http://vocab.getty.edu/ulan/500002637##quaPerson,"Spooner, Charles",person
http://vocab.getty.edu/ulan/500032606##quaPerson,"Tunnard, John",person
http://vocab.getty.edu/ulan/500019957##quaPerson,"Bonner, Thomas",person
http://vocab.getty.edu/ulan/500030593##quaPerson,"Phillips, Walter Joseph",person
http://vocab.getty.edu/ulan/500022204##quaPerson,"Cuitt, George, the younger",person
http://vocab.getty.edu/ulan/500031008##quaPerson,"Burnet, John",person
http://vocab.getty.edu/ulan/500032599##quaPerson,"Haig, Axel Herman",person
http://vocab.getty.edu/ulan/500353982##quaPerson,Bertauts,person
http://vocab.getty.edu/ulan/500000128##quaPerson,"Clausen, George",person
http://vocab.getty.edu/ulan/500006487##quaPerson,"Dighton, Robert, the elder",person
http://vocab.getty.edu/ulan/500122324##quaPerson,"Henry IV, King of France",person
http://vocab.getty.edu/ulan/500017204##quaPerson,"Knight, Laura",person
http://vocab.getty.edu/ulan/500013594##quaPerson,"Vertue, George",person
http://vocab.getty.edu/ulan/500030187##quaPerson,"Watson, Caroline",person
http://vocab.getty.edu/ulan/500014861##quaPerson,"Chodowiecki, Daniel Nikolaus",person
http://vocab.getty.edu/ulan/500020452##quaPerson,"Palmer, Samuel",person
http://vocab.getty.edu/ulan/500122363##quaPerson,"Marie Antoinette, Queen consort of Louis XVI",person
http://vocab.getty.edu/ulan/500029631##quaPerson,"Bretherton, James",person
http://vocab.getty.edu/ulan/500019512##quaPerson,"Johannot, Tony",person
http://vocab.getty.edu/ulan/500126198##quaPerson,"Washington, George",person
http://vocab.getty.edu/ulan/500404080##quaPerson,"Richard III, King of England",person
http://vocab.getty.edu/ulan/500011341##quaPerson,"Chapuy, Nicolas-Marie-Joseph",person
http://vocab.getty.edu/ulan/500008715##quaPerson,"Jacomb-Hood, George Percy",person
http://vocab.getty.edu/ulan/500242559##quaGroup,Denver Art Museum,group
http://vocab.getty.edu/ulan/500028064##quaPerson,"Daniell, Thomas",person
http://vocab.getty.edu/ulan/500115446##quaPerson,"Faithorne, William, the elder",person
http://vocab.getty.edu/ulan/500047452##quaPerson,"Waltner, Charles Albert",person
http://vocab.getty.edu/ulan/500006930##quaPerson,"Rowlandson, Thomas",person
http://vocab.getty.edu/ulan/500041163##quaPerson,"Picot, Victor Marie",person
http://vocab.getty.edu/ulan/500115530##quaPerson,"Mayall, John Jabez Edwin",person
http://vocab.getty.edu/ulan/500010588##quaPerson,"Annan, Thomas",person
http://vocab.getty.edu/ulan/500002590##quaPerson,"Du Maurier, George",person
http://vocab.getty.edu/ulan/500009794##quaPerson,"Sandys, Frederick",person
http://vocab.getty.edu/ulan/500122354##quaPerson,"Louis XV, King of France",person
http://vocab.getty.edu/ulan/500015081##quaPerson,"Havell, Robert, Jr.",person
http://vocab.getty.edu/ulan/500025238##quaPerson,"Basire, James, the elder",person
http://vocab.getty.edu/ulan/500020905##quaPerson,"Radclyffe, William",person
http://vocab.getty.edu/ulan/500187611##quaPerson,"Berkeley, George",person
http://vocab.getty.edu/ulan/500017958##quaPerson,"Giles, James William",person
http://vocab.getty.edu/ulan/500020305##quaPerson,"Fisher, Edward",person
http://vocab.getty.edu/ulan/500330927##quaPerson,"Woolf, Virginia",person
http://vocab.getty.edu/ulan/500021287##quaPerson,"Kirk, Thomas",person
http://vocab.getty.edu/ulan/500026943##quaPerson,"Brandt, Bill",person
http://vocab.getty.edu/ulan/500179987##quaPerson,"Böhm, Joseph Edgar",person
http://vocab.getty.edu/ulan/500115154##quaPerson,"Cortona, Pietro da",person
http://vocab.getty.edu/ulan/500010387##quaPerson,"Hepworth, Barbara",person
http://vocab.getty.edu/ulan/500225381##quaGroup,Minneapolis Institute of Arts,group
http://vocab.getty.edu/ulan/500082253##quaPerson,"Prenner, Anton Joseph von",person
http://vocab.getty.edu/ulan/500057413##quaPerson,"Shonibare, Yinka",person
http://vocab.getty.edu/ulan/500024336##quaPerson,"Hoefnagel, Joris",person
http://vocab.getty.edu/ulan/500005315##quaPerson,"Gandolfi, Gaetano",person
http://vocab.getty.edu/ulan/500029197##quaPerson,"Fanelli, Francesco",person
http://vocab.getty.edu/ulan/500029248##quaPerson,"Wouters, Frans",person
http://vocab.getty.edu/ulan/500303617##quaGroup,New York Public Library,group
http://vocab.getty.edu/ulan/500003238##quaPerson,"Marshall, Benjamin",person
http://vocab.getty.edu/ulan/500161289##quaPerson,"Parker, Agnes Miller",person
http://vocab.getty.edu/ulan/500230194##quaPerson,"Richelieu, Armand de Vignerot, cardinal and duc de",person
http://vocab.getty.edu/ulan/500000464##quaPerson,"Nilson, Johann Esaias",person
http://vocab.getty.edu/ulan/500029044##quaPerson,"Brown, Ford Madox",person
http://vocab.getty.edu/ulan/500004706##quaPerson,"Williams, Robert",person
http://vocab.getty.edu/ulan/500024825##quaPerson,"Munnings, Alfred James",person
http://vocab.getty.edu/ulan/500013694##quaPerson,"Albert, Prince of Schleswig-Holstein-Glücksburg",person
http://vocab.getty.edu/ulan/500029515##quaPerson,"Way, Thomas Robert",person
http://vocab.getty.edu/ulan/500472080##quaPerson,"Riggs, Marlon",person
http://vocab.getty.edu/ulan/500003653##quaPerson,"Baugean, Jean Jérôme",person
http://vocab.getty.edu/ulan/500116578##quaPerson,"Haid, Johann Lorenz",person
http://vocab.getty.edu/ulan/500004272##quaPerson,"Nicholson, William",person
http://vocab.getty.edu/ulan/500049222##quaPerson,"Kurzweil, Max",person
http://vocab.getty.edu/ulan/500004659##quaPerson,"Figino, Ambrogio Giovanni",person
http://vocab.getty.edu/ulan/500435537##quaPerson,"Barnard, William",person
http://vocab.getty.edu/ulan/500080146##quaPerson,"Natter, Johann Lorenz",person
http://vocab.getty.edu/ulan/500003540##quaPerson,"Jenner, Thomas",person
http://vocab.getty.edu/ulan/500020709##quaPerson,"Lefebvre, Claude",person
http://vocab.getty.edu/ulan/500004925##quaPerson,"Walter, Joseph",person
http://vocab.getty.edu/ulan/500310654##quaType,Palais de l'Elysée,type
http://vocab.getty.edu/ulan/500029216##quaPerson,"Runciman, Alexander",person
http://vocab.getty.edu/ulan/500057369##quaPerson,"Almond, Darren",person
http://vocab.getty.edu/ulan/500027039##quaPerson,"Delaram, Francis",person
http://vocab.getty.edu/ulan/500001106##quaPerson,"Sutherland, Graham Vivian",person
http://vocab.getty.edu/ulan/500024072##quaPerson,"Laboureur, Jean-Émile",person
http://vocab.getty.edu/ulan/500015671##quaPerson,"Flameng, Léopold",person
http://vocab.getty.edu/ulan/500043577##quaPerson,"Bowen, Abel",person
http://vocab.getty.edu/ulan/500003216##quaPerson,"Short, Frank",person
http://vocab.getty.edu/ulan/500028636##quaPerson,"Davie, Alan",person
http://vocab.getty.edu/ulan/500021906##quaPerson,"Oudry, Jean-Baptiste",person
http://vocab.getty.edu/ulan/500201008##quaPerson,"Burton, Charles",person
http://vocab.getty.edu/ulan/500024728##quaPerson,"Rothenstein, Michael",person
http://vocab.getty.edu/ulan/500010818##quaPerson,"Beham, Barthel",person
http://vocab.getty.edu/ulan/500122256##quaPerson,"Louis XIV, King of France",person
http://vocab.getty.edu/ulan/500115604##quaPerson,"Cruikshank, George",person
http://vocab.getty.edu/ulan/500009558##quaPerson,"Robert, Hubert",person
http://vocab.getty.edu/ulan/500003385##quaPerson,"Corbould, Richard",person
http://vocab.getty.edu/ulan/500001344##quaPerson,"Lane, Theodore",person
http://vocab.getty.edu/ulan/500020549##quaPerson,"Phillips, Thomas",person
http://vocab.getty.edu/ulan/500029109##quaPerson,"Newton, Gilbert Stuart",person
http://vocab.getty.edu/ulan/500067253##quaPerson,"Voerst, Robert van",person
http://vocab.getty.edu/ulan/500057423##quaPerson,"Ofili, Chris",person
http://vocab.getty.edu/ulan/500016000##quaPerson,"Trumbull, John",person
http://vocab.getty.edu/ulan/500029828##quaPerson,"Procktor, Patrick",person
http://vocab.getty.edu/ulan/500121036##quaPerson,"Wilkie, David",person
http://vocab.getty.edu/ulan/500023492##quaPerson,"Malbone, Edward Greene",person
http://vocab.getty.edu/ulan/500222534##quaPerson,"Mayne, Roger",person
http://vocab.getty.edu/ulan/500104867##quaPerson,"Brock, Thomas",person
http://vocab.getty.edu/ulan/500008066##quaPerson,"Guthrie, James",person
http://vocab.getty.edu/ulan/500014585##quaPerson,"Coypel, Antoine",person
http://vocab.getty.edu/ulan/500020707##quaPerson,"Pennell, Joseph",person
http://vocab.getty.edu/ulan/500001061##quaPerson,"Harlow, George Henry",person
http://vocab.getty.edu/ulan/500019583##quaPerson,"Brockhurst, Gerald L.",person
http://vocab.getty.edu/ulan/500002985##quaPerson,"Beato, Felice",person
http://vocab.getty.edu/ulan/500020360##quaPerson,"Tassie, James",person
http://vocab.getty.edu/ulan/500121839##quaPerson,"Alken, Henry",person
http://vocab.getty.edu/ulan/500016068##quaPerson,"Wandelaar, Jan",person
http://vocab.getty.edu/ulan/500031458##quaPerson,"Fletcher, Hanslip",person
http://vocab.getty.edu/ulan/500094247##quaPerson,"Doig, Peter",person
http://vocab.getty.edu/ulan/500073883##quaPerson,"Smith, Henry Holmes",person
http://vocab.getty.edu/ulan/500016215##quaPerson,"Le Brun, Charles",person
http://vocab.getty.edu/ulan/500115200##quaPerson,"Gainsborough, Thomas",person
http://vocab.getty.edu/ulan/500030664##quaPerson,"Le Clerc, Jacques Sébastien",person
http://vocab.getty.edu/ulan/500026988##quaPerson,"Watts, George Frederick",person
http://vocab.getty.edu/ulan/500016777##quaPerson,"Ducros, Louis",person
http://vocab.getty.edu/ulan/500027650##quaPerson,"Doughty, William",person
http://vocab.getty.edu/ulan/500004894##quaPerson,"Whitcombe, Thomas",person
http://vocab.getty.edu/ulan/500012786##quaPerson,"Ward, William",person
http://vocab.getty.edu/ulan/500032298##quaPerson,"Creswick, Thomas",person
http://vocab.getty.edu/ulan/500002835##quaPerson,"Knight, Charles",person
http://vocab.getty.edu/ulan/500001830##quaPerson,"Sartain, John",person
http://vocab.getty.edu/ulan/500001070##quaPerson,"Gessner, Johann Conrad",person
http://vocab.getty.edu/ulan/500032820##quaPerson,"Paxton, Joseph",person
http://vocab.getty.edu/ulan/500031844##quaPerson,"Brabazon, Hercules Brabazon",person
http://vocab.getty.edu/ulan/500212101##quaType,Hôtel de Sully,type
http://vocab.getty.edu/ulan/500026048##quaPerson,"Müntz, Johann Heinrich",person
http://vocab.getty.edu/ulan/500087168##quaPerson,"McWilliam, Frederick Edward",person
http://vocab.getty.edu/ulan/500031515##quaPerson,"Dahl, Michael",person
http://vocab.getty.edu/ulan/500008920##quaPerson,"Heath, Charles, the elder",person
http://vocab.getty.edu/ulan/500037020##quaPerson,"Davidson, Bruce",person
http://vocab.getty.edu/ulan/500011216##quaPerson,"Worsdale, James",person
http://vocab.getty.edu/ulan/500021646##quaPerson,"Armytage, James Charles",person
http://vocab.getty.edu/ulan/500014487##quaPerson,"Lover, Samuel",person
http://vocab.getty.edu/ulan/500009669##quaPerson,"Linnell, John, the elder",person
http://vocab.getty.edu/ulan/500005433##quaPerson,"Valentine, James",person
http://vocab.getty.edu/ulan/500085899##quaPerson,"Woolner, Thomas",person
http://vocab.getty.edu/ulan/500027177##quaPerson,"Lindsay, Lionel",person
http://vocab.getty.edu/ulan/500236304##quaPerson,"Louis Philippe, King of the French",person
http://vocab.getty.edu/ulan/500124952##quaPerson,"Buckland Wright, John",person
http://vocab.getty.edu/ulan/500115443##quaPerson,"Elsheimer, Adam",person
http://vocab.getty.edu/ulan/500013515##quaPerson,"Legros, Alphonse",person
http://vocab.getty.edu/ulan/500008827##quaPerson,"Schenck, Pieter",person
http://vocab.getty.edu/ulan/500117548##quaPerson,"Condé, Jean",person
http://vocab.getty.edu/ulan/500026989##quaPerson,"West, Benjamin",person
http://vocab.getty.edu/ulan/500027651##quaPerson,"Smith, Anker",person
http://vocab.getty.edu/ulan/500029939##quaPerson,"Catherwood, Frederick",person
http://vocab.getty.edu/ulan/500021439##quaPerson,"McBey, James",person
http://vocab.getty.edu/ulan/500013574##quaPerson,"Grant, Francis",person
http://vocab.getty.edu/ulan/500018966##quaPerson,"Della Bella, Stefano",person
http://vocab.getty.edu/ulan/500007657##quaPerson,"Gaywood, Richard",person
http://vocab.getty.edu/ulan/500027574##quaPerson,"Skippe, John",person
http://vocab.getty.edu/ulan/500115641##quaPerson,"Hornor, Thomas",person
http://vocab.getty.edu/ulan/500003456##quaPerson,"Osborne, Malcolm",person
http://vocab.getty.edu/ulan/500300750##quaGroup,Institute of Arts,group
http://vocab.getty.edu/ulan/500016206##quaPerson,"Cragg, Tony",person
http://vocab.getty.edu/ulan/500175604##quaPerson,"Blaeu, Willem Janszoon",person
http://vocab.getty.edu/ulan/500024998##quaPerson,"Boehm, Joseph Edgar",person
http://vocab.getty.edu/ulan/500012748##quaPerson,"Ireland, Samuel",person
http://vocab.getty.edu/ulan/500115726##quaPerson,"Ricci, Marco",person
http://vocab.getty.edu/ulan/500115546##quaPerson,"Dance-Holland, Nathaniel",person
http://vocab.getty.edu/ulan/500045712##quaPerson,"Haygarth, William",person
http://vocab.getty.edu/ulan/500029258##quaPerson,"Vouet, Simon",person
http://vocab.getty.edu/ulan/500001202##quaPerson,"Fittler, James",person
http://vocab.getty.edu/ulan/500007602##quaPerson,"Graham, George",person
http://vocab.getty.edu/ulan/500030367##quaGroup,"Ashbee, Charles Robert",group
http://vocab.getty.edu/ulan/500028850##quaPerson,"Hilliard, Nicholas",person
http://vocab.getty.edu/ulan/500347356##quaPerson,"Barnbaum, Bruce",person
http://vocab.getty.edu/ulan/500329670##quaPerson,"Wallis, Robert",person
http://vocab.getty.edu/ulan/500011916##quaPerson,"Hoare, William",person
http://vocab.getty.edu/ulan/500011513##quaPerson,"Lafréry, Antoine",person
http://vocab.getty.edu/ulan/500014103##quaPerson,"Cotman, John Sell",person
http://vocab.getty.edu/ulan/500012489##quaPerson,"Blake, William",person
http://vocab.getty.edu/ulan/500124345##quaPerson,"Benson, Richard",person
http://vocab.getty.edu/ulan/500021449##quaPerson,"Talbot, William Henry Fox",person
http://vocab.getty.edu/ulan/500115491##quaPerson,"Beham, Hans Sebald",person
http://vocab.getty.edu/ulan/500012008##quaPerson,"Potter, Paulus",person
http://vocab.getty.edu/ulan/500017608##quaPerson,"Vasari, Giorgio",person
http://vocab.getty.edu/ulan/500025440##quaPerson,"Mola, Pier Francesco",person
http://vocab.getty.edu/ulan/500126033##quaPerson,"Hamilton, Richard",person
http://vocab.getty.edu/ulan/500024787##quaPerson,"Cooke, George",person
http://vocab.getty.edu/ulan/500011344##quaPerson,"Passe, Simon de",person
http://vocab.getty.edu/ulan/500115382##quaPerson,"Constable, John",person
http://vocab.getty.edu/ulan/500025261##quaPerson,"Cockburn, James Pattison",person
http://vocab.getty.edu/ulan/500032032##quaPerson,"Vulliamy, Lewis",person
http://vocab.getty.edu/ulan/500032596##quaPerson,"Moore, Henry",person
http://vocab.getty.edu/ulan/500002752##quaPerson,"Lavater, Johann Kaspar",person
http://vocab.getty.edu/ulan/500001218##quaPerson,"Vliet, Jan Georg van",person
http://vocab.getty.edu/ulan/500339089##quaPerson,"Franz Joseph I, Emperor of Austria",person
http://vocab.getty.edu/ulan/500462310##quaPerson,"Lê, An-My",person
http://vocab.getty.edu/ulan/500265661##quaPerson,"Ray-Jones, Tony",person
http://vocab.getty.edu/ulan/500014941##quaPerson,"Crosse, Richard",person
http://vocab.getty.edu/ulan/500011047##quaPerson,"Gregory, Edward John",person
http://vocab.getty.edu/ulan/500310583##quaGroup,Manufacture Nationale des Gobelins,group
http://vocab.getty.edu/ulan/500025081##quaPerson,"Wirgman, Theodore Blake",person
http://vocab.getty.edu/ulan/500020030##quaPerson,"Gheeraerts, Marcus, the elder",person
http://vocab.getty.edu/ulan/500279813##quaPerson,"Charlotte, Queen consort of George III",person
http://vocab.getty.edu/ulan/500027798##quaPerson,"West, Raphael Lamar",person
http://vocab.getty.edu/ulan/500115365##quaPerson,"Clerck, Hendrik de",person
http://vocab.getty.edu/ulan/500004991##quaPerson,"Bone, Robert Trewick",person
http://vocab.getty.edu/ulan/500310657##quaType,Palais des Tuileries,type
http://vocab.getty.edu/ulan/500307961##quaGroup,Wadsworth Atheneum,group
http://vocab.getty.edu/ulan/500012369##quaPerson,"Cooke, William Bernard",person
http://vocab.getty.edu/ulan/500004484##quaPerson,"Ploos van Amstel, Cornelis",person
http://vocab.getty.edu/ulan/500021527##quaPerson,"Stadler, Joseph Constantine",person
http://vocab.getty.edu/ulan/500115366##quaPerson,"Lorrain, Claude",person
http://vocab.getty.edu/ulan/500026599##quaPerson,"Tilson, Joe",person
http://vocab.getty.edu/ulan/500027440##quaPerson,"Doyle, Richard",person
http://vocab.getty.edu/ulan/500029015##quaPerson,"Hobbema, Meindert",person
http://vocab.getty.edu/ulan/500025292##quaPerson,"Poggi, Antonio",person
http://vocab.getty.edu/ulan/500032160##quaPerson,"Varrall, J. C.",person
http://vocab.getty.edu/ulan/500005678##quaPerson,"Redouté, Pierre Joseph",person
http://vocab.getty.edu/ulan/500310657##quaGroup,Palais des Tuileries,group
http://vocab.getty.edu/ulan/500031390##quaPerson,"Hodges, William",person
http://vocab.getty.edu/ulan/500022053##quaPerson,"Maris, Jacob Henricus",person
http://vocab.getty.edu/ulan/500000478##quaPerson,"Austin, Robert Sargent",person
http://vocab.getty.edu/ulan/500120930##quaPerson,"Nost, John van, the elder",person
